id,circ_mv,up_limit
600006.SH,1256000.0,6.91
600007.SH,1860450.8403,20.32
600010.SH,5889961.662,2.06
600012.SH,1212224.0,11.44
600019.SH,14909758.8281,7.49
600020.SH,856248.668,4.19
600032.SH,231712.0,12.25
600033.SH,908396.4,3.64
600035.SH,706840.8805,4.83
600038.SH,2495844.4155,46.57
600051.SH,230051.2,8.14
600052.SH,414499.6178,5.4
600053.SH,590916.1104,14.99
600054.SH,692955.0,14.85
600055.SH,1189795.6378,24.2
600056.SH,2187699.2123,16.09
600057.SH,2149145.4722,10.99
600058.SH,1106211.8538,11.35
600059.SH,908807.7858,10.97
600062.SH,1941329.1685,20.85
600063.SH,1066945.6594,6.09
600064.SH,1249305.223,7.94
600067.SH,421675.6279,3.33
600071.SH,532174.6502,20.79
600073.SH,760498.6018,8.92
600075.SH,664843.6088,5.76
600076.SH,293731.0126,3.12
600080.SH,287791.3897,8.48
600081.SH,358712.64,12.58
600082.SH,204256.0027,3.54
600083.SH,155719.4417,7.51
600084.SH,868640.8396,8.5
600094.SH,717130.563,3.47
600095.SH,950124.9397,9.22
600097.SH,237322.5106,10.84
600098.SH,2004247.2119,6.88
600099.SH,189977.04,9.54
600101.SH,378025.105,9.87
600105.SH,792648.0679,6.31
600107.SH,207360.0,6.34
600108.SH,619119.0085,3.5
600110.SH,1026724.9484,8.03
600113.SH,309807.6635,8.28
600114.SH,447494.4043,7.99
600116.SH,1450056.7516,10.12
600119.SH,186591.8,6.68
600120.SH,1424214.0822,4.59
600121.SH,555595.8893,5.02
600123.SH,1454275.2,14.0
600125.SH,861644.4368,7.26
600126.SH,1641313.8943,5.35
600127.SH,476844.931,8.17
600128.SH,207531.4675,9.25
600130.SH,311040.0,4.46
600131.SH,2162902.6975,19.92
600133.SH,505217.4192,6.99
600135.SH,406680.7178,8.09
600137.SH,147673.5162,16.71
600143.SH,2287950.2629,9.78
600148.SH,193311.4707,15.03
600149.SH,212889.6,6.16
600151.SH,1259273.508,9.66
600152.SH,500758.9521,10.49
600155.SH,1208991.8704,7.65
600156.SH,176124.4875,4.82
600158.SH,735077.8421,11.2
600159.SH,226590.8823,3.0
600162.SH,663492.9388,2.23
600163.SH,648638.6703,6.18
600165.SH,284911.6504,4.58
600166.SH,2301317.2165,3.85
600167.SH,1551345.0041,7.46
600168.SH,437094.9303,6.78
600169.SH,640988.75,2.75
600171.SH,1319548.0996,20.67
600172.SH,562828.7858,4.85
600173.SH,376823.9393,5.92
600178.SH,285103.36,6.79
600179.SH,1131708.327,3.4
600180.SH,726864.6026,7.6
600184.SH,628828.3809,13.6
600185.SH,1477844.5433,8.62
600186.SH,516643.5286,3.17
600187.SH,416355.5246,2.84
600189.SH,432694.6763,6.66
600190.SH,612142.6783,3.78
600191.SH,289504.404,6.57
600192.SH,235009.936,5.85
600193.SH,232679.031,6.02
600195.SH,1391825.0784,14.99
600197.SH,1335656.4814,31.13
600198.SH,590785.1272,7.38
600199.SH,1524773.038,25.5
600200.SH,543238.8937,8.44
600201.SH,1206637.6564,11.85
600202.SH,201637.1935,5.79
600203.SH,324134.577,6.3
600206.SH,1139460.7849,14.81
600207.SH,495336.7291,6.31
600210.SH,788702.8022,5.72
600211.SH,1393906.5533,61.84
600212.SH,508627.0297,10.93
600215.SH,323197.8516,7.65
600216.SH,1115456.8059,12.8
600217.SH,708216.4888,5.61
600218.SH,357362.4714,9.53
600220.SH,438701.7202,2.71
600223.SH,1145673.0094,12.4
600225.SH,1424889.0235,4.6
600227.SH,357890.2732,3.08
600228.SH,365482.7156,14.42
600229.SH,647044.512,10.6
600230.SH,654039.2412,17.47
600231.SH,644587.0519,2.49
600232.SH,200959.9177,6.06
600234.SH,129767.8091,7.05
600235.SH,188296.8,5.9
600238.SH,536226.9039,13.26
600243.SH,178173.1,4.47
600246.SH,1123543.0882,6.02
600249.SH,282150.0,5.64
600250.SH,163370.173,6.33
600251.SH,703179.1926,9.96
600252.SH,893979.4717,2.87
600257.SH,235324.9849,5.38
600258.SH,2149427.5684,22.09
600259.SH,1222736.4363,40.82
600261.SH,502204.1687,3.91
600262.SH,336260.0,21.76
600266.SH,1141808.0256,5.57
600267.SH,1400411.5416,14.1
600268.SH,572898.5116,9.06
600269.SH,922485.7705,4.35
600272.SH,149440.0,10.27
600277.SH,1356597.0559,4.19
600278.SH,494928.4955,8.02
600279.SH,401904.9758,5.08
600281.SH,218620.8606,4.68
600283.SH,467366.3836,14.56
600284.SH,690822.272,7.83
600285.SH,928493.776,18.26
600287.SH,231501.9192,5.83
600288.SH,504067.2,12.69
600292.SH,465366.8664,6.56
600293.SH,290036.2615,2.75
600295.SH,2074355.0671,16.17
600299.SH,2185749.5375,8.97
600300.SH,509399.7867,3.47
600301.SH,272629.6398,18.76
600302.SH,174734.951,5.56
600305.SH,1138355.0963,12.49
600308.SH,575327.1881,5.84
600310.SH,379182.96,3.43
600312.SH,1538748.7644,12.47
600313.SH,938963.6168,9.68
600315.SH,1987269.8098,32.47
600316.SH,1725377.5159,26.47
600318.SH,348654.7898,7.48
600319.SH,163162.098,5.69
600320.SH,1338765.0574,4.43
600321.SH,264346.25,1.93
600322.SH,214505.8,2.13
600323.SH,1599711.1005,21.58
600325.SH,2212423.9612,11.5
600326.SH,581447.9065,6.96
600327.SH,430887.6253,5.36
600328.SH,809198.4025,15.91
600331.SH,709168.0,3.84
600333.SH,297206.9738,5.37
600336.SH,446090.2559,6.15
600337.SH,489173.9767,3.6
600338.SH,1796422.9801,21.62
600340.SH,977232.1206,2.76
600343.SH,627356.8401,10.81
600345.SH,365112.0,20.28
600351.SH,535150.016,7.65
600353.SH,653176.907,12.44
600354.SH,365766.8414,7.62
600355.SH,154023.9196,3.44
600356.SH,231516.818,8.53
600358.SH,275190.4797,6.0
600359.SH,297579.9996,8.58
600360.SH,659722.8738,7.56
600361.SH,243392.7428,5.72
600366.SH,811073.2512,9.02
600367.SH,354523.0494,13.3
600368.SH,491901.2137,4.81
600369.SH,2235463.2131,4.36
600370.SH,330892.3749,3.12
600371.SH,346412.352,13.02
600373.SH,2283282.3665,18.54
600376.SH,1153065.6632,4.92
600379.SH,342749.2234,11.42
600380.SH,2436566.1794,13.89
600381.SH,497240.4476,9.32
600386.SH,359654.4,4.91
600389.SH,958122.0,35.49
600391.SH,710108.2684,23.66
600392.SH,2297955.6333,14.42
600395.SH,1461851.5528,7.49
600397.SH,298967.8844,3.32
600399.SH,2056900.3,11.47
600400.SH,788231.9171,3.78
600403.SH,1169107.2646,5.38
600405.SH,317580.1072,6.31
600408.SH,254720.4,2.78
600409.SH,1180807.8843,6.29
600410.SH,756581.3313,7.59
600416.SH,1700610.1164,19.78
600418.SH,2376106.7068,13.81
600419.SH,602816.3295,21.8
600420.SH,1350908.4016,13.45
600421.SH,196773.6,11.07
600422.SH,1663832.7139,24.18
600423.SH,250790.2382,3.45
600425.SH,747304.2266,5.96
600429.SH,742788.4833,5.46
600433.SH,558509.8565,4.27
600435.SH,1578537.3986,11.59
600439.SH,297712.1707,2.89
600444.SH,187127.2291,14.06
600448.SH,189575.7183,3.31
600449.SH,724444.2786,16.67
600452.SH,1747816.1326,21.02
600455.SH,139218.882,24.52
600456.SH,1567588.1055,36.09
600458.SH,852571.6374,11.68
600459.SH,1187462.4786,17.68
600461.SH,839571.3254,9.22
600463.SH,258900.0,9.49
600467.SH,362326.5874,2.73
600468.SH,521025.2188,5.27
600469.SH,323539.4265,6.35
600470.SH,294704.0,6.22
600475.SH,1070660.1329,12.71
600476.SH,269309.04,18.39
600477.SH,1018655.4445,4.73
600478.SH,1218932.5942,8.1
600479.SH,612694.4193,16.1
600480.SH,662376.6574,8.46
600483.SH,2173805.1464,13.7
600488.SH,605997.1074,6.09
600490.SH,707380.592,3.91
600491.SH,751111.1559,5.4
600493.SH,150416.0,6.08
600495.SH,494150.0724,4.5
600496.SH,811191.5246,4.43
600498.SH,2101280.0604,20.43
600499.SH,1987567.7222,13.35
600500.SH,1744414.9946,7.0
600501.SH,596116.294,15.57
600502.SH,1079699.847,6.92
600503.SH,448641.2,3.08
600505.SH,290560.2975,8.77
600506.SH,156569.2854,11.66
600507.SH,1110314.3648,5.67
600508.SH,1092026.898,16.62
600509.SH,739208.4409,7.06
600510.SH,689094.0056,7.4
600511.SH,2134257.1574,42.43
600512.SH,466879.6269,3.21
600513.SH,279176.2321,10.76
600520.SH,198671.22,13.79
600523.SH,556773.4864,15.16
600525.SH,682920.4045,5.75
600526.SH,363640.9233,5.62
600528.SH,2334850.719,11.56
600529.SH,1389844.657,25.7
600531.SH,699935.771,7.06
600533.SH,366450.0,3.84
600535.SH,2227054.6931,16.34
600538.SH,216316.3119,4.66
600539.SH,142370.0,6.81
600540.SH,257549.9933,4.87
600545.SH,460585.3578,2.67
600548.SH,1387405.6756,10.65
600550.SH,933654.9394,5.58
600551.SH,662556.8339,15.05
600552.SH,877702.7194,12.64
600556.SH,1372080.4603,8.35
600557.SH,1626106.0736,31.03
600558.SH,332113.7875,4.07
600560.SH,287384.4675,14.14
600561.SH,129436.944,6.01
600562.SH,1049252.6332,17.47
600565.SH,436013.5997,1.93
600567.SH,1121735.3313,2.67
600569.SH,620443.0194,2.38
600571.SH,428706.1639,10.58
600572.SH,1771237.167,7.6
600573.SH,297000.0,13.07
600575.SH,975451.5273,2.76
600576.SH,566753.2042,10.07
600577.SH,846223.5129,4.66
600578.SH,2275886.3506,3.74
600579.SH,318582.1178,7.04
600580.SH,1615739.5406,13.59
600581.SH,778712.118,5.59
600582.SH,2292778.2462,6.09
600586.SH,1128728.3,8.69
600587.SH,1211610.404,33.03
600590.SH,554225.1766,7.23
600592.SH,331229.9104,9.12
600593.SH,174652.8,14.92
600594.SH,459317.892,6.38
600595.SH,1227726.2597,3.44
600596.SH,1284524.6419,13.73
600597.SH,1432479.1518,12.13
600598.SH,2446087.5548,15.14
600602.SH,1087194.6259,11.13
600603.SH,915529.3123,8.18
600604.SH,723431.7693,5.65
600605.SH,320769.1771,17.11
600609.SH,480773.5381,4.84
600610.SH,647438.3497,15.87
600612.SH,2119560.7669,73.52
600613.SH,358531.3435,8.23
600615.SH,162107.5749,9.5
600616.SH,487035.6036,8.01
600617.SH,409464.0245,4.62
600618.SH,712347.9772,10.45
600619.SH,470348.1796,6.56
600621.SH,1211546.9915,12.56
600622.SH,463402.7892,3.4
600623.SH,1245809.6344,7.36
600624.SH,408088.358,6.56
600626.SH,294892.7953,3.81
600628.SH,490978.4165,8.35
600630.SH,226451.2312,5.86
600633.SH,1863155.3299,16.19
600635.SH,822389.1695,3.74
600638.SH,369021.4387,6.03
600639.SH,1136766.4719,14.71
600641.SH,1801699.5251,21.3
600643.SH,909936.1052,6.18
600644.SH,378495.6633,7.73
600648.SH,1123619.532,13.22
600649.SH,1052303.4637,4.58
600650.SH,387826.1545,10.92
600651.SH,557471.6089,4.94
600653.SH,354241.2177,2.0
600657.SH,1383161.1186,5.34
600658.SH,654372.2513,6.44
600661.SH,291993.2578,11.21
600662.SH,704699.3058,7.36
600664.SH,873582.867,3.82
600665.SH,335279.5381,4.27
600667.SH,1362705.0452,7.12
600668.SH,423223.1084,13.53
600673.SH,2280918.1528,8.37
600675.SH,1706917.8706,3.08
600676.SH,425796.0788,4.55
600678.SH,191246.52,6.03
600679.SH,265298.8164,9.75
600681.SH,618332.0024,4.99
600682.SH,948359.0639,8.95
600683.SH,360758.6897,5.36
600684.SH,299564.7138,3.86
600685.SH,2200624.8499,29.47
600688.SH,2447823.709,3.67
600689.SH,130895.563,9.46
600691.SH,774441.0204,3.59
600692.SH,148671.1314,6.41
600693.SH,348414.7415,4.41
600694.SH,590374.4925,22.11
600696.SH,863265.6014,28.39
600697.SH,203409.5357,14.42
600698.SH,391839.2115,5.19
600699.SH,2115058.8287,16.9
600706.SH,410004.7186,17.75
600707.SH,1614451.3794,4.95
600708.SH,516264.4429,2.55
600710.SH,1081988.5314,9.11
600711.SH,1666868.8675,5.87
600712.SH,212766.1065,4.35
600713.SH,620800.3014,6.56
600714.SH,248984.2999,9.5
600715.SH,482261.91,2.86
600716.SH,354766.9636,4.17
600717.SH,1420954.5097,5.4
600718.SH,1383055.2847,12.64
600719.SH,186520.4156,5.07
600720.SH,968651.0334,13.73
600721.SH,236495.6548,6.89
600722.SH,330635.3625,5.35
600724.SH,572197.2949,4.36
600725.SH,368508.53,3.29
600727.SH,264650.0583,6.62
600728.SH,1268249.0144,8.03
600729.SH,1222666.643,33.47
600733.SH,2093050.7599,5.89
600735.SH,256820.1474,6.71
600736.SH,582554.2109,5.57
600737.SH,1852242.5654,9.53
600738.SH,419127.074,6.06
600739.SH,2065108.2516,14.85
600740.SH,1396356.0289,6.0
600742.SH,561233.7987,9.03
600743.SH,403529.3503,1.89
600744.SH,339330.1048,4.51
600746.SH,826752.384,7.8
600748.SH,763649.0373,4.55
600749.SH,268273.2411,13.0
600750.SH,1549894.3956,27.34
600751.SH,669029.1535,2.86
600753.SH,215900.16,11.04
600755.SH,1849383.1778,10.02
600756.SH,513048.326,17.41
600758.SH,583768.5801,4.86
600761.SH,1267929.7138,18.84
600764.SH,1920120.601,29.72
600768.SH,132677.2224,10.91
600769.SH,305231.4408,8.95
600770.SH,739700.0,6.26
600771.SH,1964817.44,44.15
600773.SH,1137689.1127,15.27
600774.SH,365604.2424,13.64
600775.SH,609357.5458,9.98
600776.SH,990416.0663,11.4
600778.SH,218472.8472,7.72
600780.SH,1011215.2253,9.7
600782.SH,1300998.86,4.49
600783.SH,994464.0168,14.7
600784.SH,381247.3347,7.38
600785.SH,392824.0585,19.15
600787.SH,1358469.8183,6.89
600789.SH,596434.097,7.38
600791.SH,197208.7715,4.8
600792.SH,331624.406,3.69
600793.SH,214407.6504,13.33
600794.SH,453344.9067,4.11
600796.SH,162154.3535,5.92
600797.SH,810718.8835,8.68
600798.SH,451243.7912,4.11
600800.SH,291521.8115,4.04
600801.SH,1984258.9487,16.03
600802.SH,248370.6328,5.96
600805.SH,362217.3068,4.69
600807.SH,250271.8716,3.5
600808.SH,1694841.3368,3.12
600810.SH,532667.2677,8.21
600812.SH,952389.9617,6.42
600814.SH,665689.9117,10.24
600817.SH,203454.9533,11.61
600818.SH,556583.5515,25.73
600819.SH,383424.4424,5.64
600820.SH,2078247.5181,7.27
600821.SH,1098875.5389,6.94
600822.SH,351383.1944,9.76
600824.SH,380503.7734,3.97
600825.SH,562149.6633,5.92
600826.SH,460483.1401,12.13
600827.SH,2226976.489,15.27
600828.SH,678693.191,4.31
600829.SH,408241.5723,7.74
600830.SH,302578.9495,7.33
600831.SH,482436.0639,7.47
600834.SH,412935.3478,9.52
600835.SH,1141203.5845,15.57
600836.SH,353909.3143,5.85
600838.SH,267388.2813,7.34
600841.SH,317325.7004,6.93
600843.SH,244934.2651,5.74
600844.SH,237769.1532,3.18
600847.SH,177813.384,12.76
600850.SH,1298484.4766,25.74
600851.SH,456949.5821,6.81
600853.SH,537622.3271,5.89
600854.SH,259729.269,5.5
600855.SH,543987.1056,13.63
600857.SH,226338.7983,11.1
600858.SH,304318.2411,6.47
600859.SH,2411100.3048,24.26
600860.SH,380705.6671,12.58
600861.SH,839533.1149,29.15
600864.SH,1129749.7924,5.97
600865.SH,354418.3777,10.36
600866.SH,401287.4071,5.97
600867.SH,2188835.7183,12.1
600868.SH,529583.4814,3.07
600869.SH,1211766.5993,6.01
600874.SH,753015.868,6.73
600876.SH,633711.761,18.23
600877.SH,1264033.8287,15.08
600879.SH,2126470.1441,8.6
600880.SH,726865.0664,7.32
600881.SH,721258.8165,2.44
600882.SH,1296007.7806,27.84
600883.SH,178010.352,8.29
600888.SH,1141813.0275,9.43
600889.SH,168519.1646,5.06
600892.SH,290846.1587,5.72
600894.SH,629481.1271,8.05
600895.SH,2313742.1877,16.43
600897.SH,579836.07,21.42
600903.SH,902642.2148,8.72
600906.SH,1030276.704,8.64
600908.SH,1021023.8951,6.34
600909.SH,2391110.3688,5.6
600916.SH,1055640.6,14.12
600917.SH,1152047.3429,8.12
600918.SH,1967238.4226,8.29
600925.SH,435377.7778,6.95
600927.SH,936344.4571,19.53
600929.SH,852463.4426,8.81
600933.SH,1726780.8385,21.51
600935.SH,738171.0872,4.38
600936.SH,731909.4927,4.82
600939.SH,737893.8115,4.27
600955.SH,699513.3,21.09
600956.SH,265818.3827,10.11
600960.SH,335531.9779,3.88
600961.SH,462053.1327,9.64
600962.SH,298919.4,12.54
600963.SH,1186115.7255,7.39
600965.SH,575546.7714,7.73
600966.SH,855580.3443,7.04
600967.SH,1642322.1261,10.69
600969.SH,271247.0048,8.06
600970.SH,2260150.1157,14.27
600971.SH,1149604.6789,10.54
600975.SH,685309.3632,11.55
600976.SH,990585.6935,71.5
600979.SH,404181.2111,3.61
600980.SH,232089.6721,16.37
600981.SH,726548.3542,3.56
600982.SH,456167.8391,4.53
600983.SH,571763.494,8.21
600984.SH,617208.5672,5.4
600987.SH,775530.396,8.8
600990.SH,632179.8354,33.61
600992.SH,424005.7,19.03
600993.SH,1153653.1099,29.49
600995.SH,647446.2192,14.88
600996.SH,1354868.589,12.34
600997.SH,1130513.4939,7.83
601000.SH,2340741.8025,4.35
601001.SH,1725584.7,11.34
601002.SH,410161.4465,5.29
601003.SH,1140442.974,4.9
601007.SH,340080.0,9.59
601008.SH,600468.7949,5.32
601010.SH,475896.194,2.87
601015.SH,927293.9281,4.99
601019.SH,2416630.2,12.74
601020.SH,749586.5112,14.66
601022.SH,144996.5741,12.19
601028.SH,910658.9589,12.79
601038.SH,726945.84,13.46
601059.SH,496503.3,16.84
601065.SH,182977.092,12.97
601068.SH,1579267.4415,6.79
601069.SH,855420.0,14.8
601086.SH,318348.0,5.26
601089.SH,210960.0,19.34
601098.SH,2482072.0,15.2
601099.SH,1874487.0018,3.03
601101.SH,930238.6602,7.11
601107.SH,940791.9,4.79
601113.SH,401911.4103,4.0
601116.SH,636949.9792,12.79
601118.SH,2058404.7704,5.29
601121.SH,182200.0,10.02
601126.SH,1099408.544,14.87
601128.SH,1979874.1638,8.24
601133.SH,189268.9192,16.51
601136.SH,376107.3088,15.14
601137.SH,1048018.5713,15.57
601139.SH,2053985.5727,7.85
601156.SH,1164090.9873,15.97
601163.SH,1168800.0,16.07
601177.SH,434865.22,11.96
601187.SH,699244.8926,6.46
601188.SH,431608.1713,3.61
601199.SH,718241.5043,8.45
601200.SH,1111761.8161,10.9
601208.SH,1106083.6619,13.7
601212.SH,2214027.5788,3.29
601218.SH,381346.6772,4.3
601222.SH,1623413.2949,8.67
601226.SH,807345.0,7.69
601228.SH,2220546.0649,3.74
601279.SH,96156.571,5.41
601311.SH,1108623.0815,10.4
601330.SH,816988.0972,9.09
601333.SH,1820020.314,3.54
601339.SH,894000.0,6.56
601366.SH,473112.6222,6.18
601368.SH,475039.5154,5.92
601369.SH,1553596.0598,10.27
601375.SH,1375560.3603,4.39
601388.SH,622404.8064,3.39
601399.SH,1054840.5948,3.69
601456.SH,1034467.1324,11.51
601500.SH,497036.484,4.26
601512.SH,1482402.21,10.88
601515.SH,812745.6308,4.85
601518.SH,488843.0338,3.98
601519.SH,1595077.0176,8.76
601528.SH,455216.4251,6.35
601566.SH,648190.7052,12.41
601567.SH,1855229.3929,14.72
601568.SH,1425636.1784,6.16
601577.SH,1697504.9176,9.03
601579.SH,559533.7983,12.84
601588.SH,555940.0,2.3
601595.SH,1559287.8,38.27
601599.SH,326737.3368,4.03
601606.SH,958154.1732,14.55
601609.SH,1004239.9845,7.54
601611.SH,2469415.7225,10.32
601616.SH,307804.175,3.62
601619.SH,1122377.2285,5.16
601636.SH,2468820.4637,10.12
601665.SH,1004408.8068,4.76
601666.SH,2273595.7594,10.9
601677.SH,1298584.7648,14.73
601678.SH,1031076.1743,5.51
601686.SH,387822.798,7.58
601700.SH,591683.7906,5.7
601702.SH,343521.48,13.6
601717.SH,2124652.3693,15.43
601777.SH,814662.9,3.98
601778.SH,971507.838,5.24
601789.SH,537965.3021,5.45
601798.SH,255969.359,7.94
601801.SH,1838025.177,10.16
601811.SH,1366034.2275,18.98
601827.SH,646190.728,8.89
601828.SH,1868152.1192,5.69
601869.SH,1357169.9688,36.74
601882.SH,1555560.0,32.78
601886.SH,914332.6624,8.88
601890.SH,975709.8,11.19
601900.SH,1827588.1946,22.44
601908.SH,1497053.7738,6.82
601918.SH,1121704.5994,4.76
601921.SH,409555.3031,10.67
601929.SH,765900.5161,2.55
601952.SH,1645332.0,13.13
601956.SH,178789.0364,6.18
601963.SH,564184.0875,8.98
601968.SH,604628.4666,7.35
601969.SH,1403060.9999,7.63
601975.SH,1572301.9668,3.56
601992.SH,2025200.4582,2.67
601996.SH,290988.1912,2.79
601999.SH,430815.2954,8.6
603002.SH,306591.4383,5.49
603003.SH,345296.5179,9.44
603005.SH,1454342.9044,24.53
603006.SH,185919.075,10.7
603008.SH,978617.33,27.79
603009.SH,218950.6036,7.12
603010.SH,552725.5529,12.53
603011.SH,319391.7263,7.11
603012.SH,375570.4,6.49
603013.SH,785406.72,16.9
603015.SH,329034.266,8.95
603016.SH,371437.12,27.58
603017.SH,296598.7114,11.83
603018.SH,726122.3539,11.95
603020.SH,361009.9831,10.36
603021.SH,174691.6462,6.01
603022.SH,183600.0,10.1
603023.SH,214714.4863,4.2
603025.SH,1325588.8478,15.8
603026.SH,1309718.16,71.08
603027.SH,2341709.7754,26.87
603028.SH,342438.72,13.12
603029.SH,230792.484,20.92
603031.SH,507360.0,49.83
603032.SH,976173.54,65.9
603033.SH,1445825.457,20.5
603035.SH,691276.2671,20.01
603036.SH,206624.0431,11.03
603037.SH,171828.4113,18.02
603038.SH,171333.3238,9.12
603039.SH,1923250.6787,81.18
603040.SH,292766.2032,24.04
603041.SH,213000.7658,12.79
603042.SH,201540.2492,13.81
603043.SH,1643178.8556,31.78
603045.SH,196108.5,15.68
603048.SH,56580.0,16.5
603050.SH,351995.917,23.87
603051.SH,207110.2924,46.55
603052.SH,66099.6,42.27
603053.SH,881778.88,10.91
603055.SH,858324.8403,10.64
603056.SH,1482240.0,16.98
603057.SH,110208.0,28.86
603058.SH,496618.382,13.15
603059.SH,207405.7645,22.8
603060.SH,863749.4055,13.02
603061.SH,171495.0,125.76
603065.SH,61634.9,16.18
603066.SH,328668.2697,12.02
603067.SH,593792.824,12.99
603068.SH,424198.4041,31.02
603069.SH,645588.0,22.47
603070.SH,129575.3657,17.58
603071.SH,421177.4621,19.49
603073.SH,52751.0,20.01
603076.SH,500669.1749,45.63
603077.SH,2366775.0611,2.95
603078.SH,566340.1786,24.45
603079.SH,213815.0085,13.74
603080.SH,198807.5,15.46
603081.SH,569588.5519,15.51
603085.SH,342088.301,10.16
603086.SH,316726.9683,11.26
603087.SH,1091265.4178,40.44
603088.SH,332590.3616,8.5
603089.SH,182673.3235,9.03
603090.SH,202800.0,22.31
603093.SH,670462.4164,12.09
603095.SH,289476.0,24.12
603096.SH,396996.2582,26.87
603097.SH,76160.0,20.94
603098.SH,1229541.5498,25.1
603099.SH,242936.37,10.02
603100.SH,1515884.22,42.64
603101.SH,271891.2,6.36
603102.SH,133160.8449,48.36
603103.SH,1122534.0,19.47
603105.SH,696000.0,15.31
603106.SH,286806.52,6.06
603108.SH,739499.0704,14.04
603109.SH,339038.2457,18.02
603110.SH,487371.1449,26.64
603111.SH,397928.027,5.24
603112.SH,168898.504,11.74
603113.SH,765303.0216,9.85
603115.SH,341816.8,15.72
603116.SH,353787.2912,6.75
603118.SH,679326.6456,9.53
603121.SH,269472.8371,8.76
603122.SH,164964.6829,10.13
603123.SH,673801.0553,11.36
603125.SH,139446.5716,32.52
603126.SH,521367.0,9.39
603127.SH,2174758.8237,53.12
603128.SH,1339580.6193,11.25
603129.SH,1943867.786,142.12
603130.SH,75950.0,23.87
603131.SH,372678.3626,12.89
603132.SH,193914.0,13.37
603135.SH,174156.0826,21.95
603136.SH,483247.3701,28.53
603137.SH,60275.3139,20.71
603138.SH,579944.1809,22.68
603139.SH,161705.72,17.81
603150.SH,108989.596,28.94
603151.SH,75600.0,19.8
603153.SH,117040.0,23.41
603155.SH,143739.3845,28.04
603158.SH,342087.1163,7.67
603159.SH,185360.0,14.56
603160.SH,2283553.801,54.85
603161.SH,188627.6,15.55
603162.SH,109876.7519,29.28
603163.SH,78420.0,43.13
603165.SH,379501.8292,14.99
603166.SH,397418.3204,6.77
603167.SH,348105.2212,8.16
603168.SH,264848.4417,9.03
603169.SH,949674.1371,8.0
603170.SH,93503.37,25.71
603171.SH,383786.1991,46.65
603172.SH,62409.9073,0.0
603176.SH,103795.3871,7.61
603177.SH,268054.0,14.6
603178.SH,212873.8837,10.16
603179.SH,1886345.9297,42.58
603180.SH,513058.3895,36.59
603181.SH,644037.8,12.03
603182.SH,63108.76,16.87
603183.SH,245766.5205,5.5
603186.SH,386374.6417,29.95
603189.SH,388688.7193,15.86
603190.SH,81840.0,30.01
603191.SH,339110.7723,20.31
603192.SH,254453.3339,20.19
603199.SH,325509.88,32.35
603200.SH,341302.802,21.54
603201.SH,59600.1287,32.99
603203.SH,722271.733,32.18
603206.SH,141874.3805,17.9
603208.SH,736194.4598,59.29
603209.SH,320528.0,33.9
603211.SH,89153.024,14.43
603212.SH,901230.7102,22.66
603213.SH,206583.7894,14.59
603214.SH,253633.0695,19.86
603215.SH,118450.2362,18.49
603216.SH,75234.24,14.95
603217.SH,517185.4048,27.67
603218.SH,2090001.0722,23.76
603221.SH,179760.0,8.24
603222.SH,544303.6156,12.55
603225.SH,1604413.8611,11.54
603226.SH,183078.2616,5.67
603227.SH,660676.1,11.03
603229.SH,911433.6847,24.95
603230.SH,126770.618,15.6
603232.SH,335584.6632,15.84
603235.SH,123196.92,30.95
603236.SH,1386939.4558,80.73
603237.SH,113814.4043,49.71
603238.SH,207863.039,12.88
603239.SH,391190.4,15.9
603255.SH,145778.9681,48.06
603256.SH,624993.6,7.83
603258.SH,1070126.1332,48.09
603261.SH,83855.2715,35.82
603266.SH,250597.305,13.86
603267.SH,1527398.8128,72.47
603268.SH,202395.144,17.93
603269.SH,165065.1764,16.14
603272.SH,41839.4013,17.77
603277.SH,838558.575,22.28
603278.SH,243897.9312,9.31
603279.SH,1498308.251,29.15
603280.SH,62469.3424,25.36
603281.SH,311600.0016,51.41
603282.SH,110047.5,36.14
603283.SH,863173.078,52.25
603286.SH,138015.092,17.24
603289.SH,262798.2668,10.88
603291.SH,57134.7824,14.85
603297.SH,888553.56,88.88
603298.SH,1860868.6896,21.88
603299.SH,765498.1558,10.93
603300.SH,1007248.2661,8.77
603303.SH,683461.576,15.76
603305.SH,2230383.6899,26.29
603306.SH,985344.7431,33.81
603307.SH,80952.75,53.16
603308.SH,1208486.9032,19.46
603309.SH,520940.5102,19.69
603311.SH,246960.0,12.94
603313.SH,478504.8525,10.85
603315.SH,403125.4846,14.44
603316.SH,154330.176,6.42
603317.SH,1736379.4285,18.13
603318.SH,299006.8236,8.7
603319.SH,304463.1052,16.18
603320.SH,165517.0029,14.0
603321.SH,214286.0,7.68
603322.SH,534155.235,37.74
603324.SH,160743.6392,39.84
603326.SH,245784.3777,8.57
603327.SH,754842.4,15.93
603328.SH,730859.9913,8.05
603330.SH,366108.4724,12.1
603331.SH,272222.9586,14.85
603332.SH,176837.0184,11.68
603333.SH,361729.0551,6.4
603335.SH,225204.0596,5.79
603336.SH,281665.017,7.06
603337.SH,923012.6732,21.08
603338.SH,2425912.6883,52.7
603339.SH,474682.7625,16.87
603348.SH,1022753.2644,43.08
603351.SH,348450.2307,28.91
603353.SH,286273.494,18.16
603355.SH,1365756.3732,26.52
603358.SH,843395.84,21.13
603360.SH,371633.772,16.01
603363.SH,702820.6353,10.59
603365.SH,403205.04,16.63
603366.SH,452244.4059,6.17
603367.SH,706026.496,17.25
603368.SH,866450.1247,26.31
603377.SH,554975.5188,8.47
603378.SH,396451.8939,10.18
603379.SH,1617769.4481,29.15
603380.SH,336124.314,23.05
603383.SH,936375.9212,61.0
603385.SH,290028.6018,8.59
603386.SH,331217.3984,11.17
603387.SH,680600.0198,14.76
603388.SH,285016.8755,9.63
603389.SH,135317.28,5.67
603390.SH,267282.1078,8.36
603396.SH,742283.2449,70.39
603398.SH,902156.6569,28.96
603399.SH,582226.0438,12.61
603408.SH,121123.4529,11.48
603416.SH,508827.2,39.82
603421.SH,577188.6022,9.74
603429.SH,479379.715,10.05
603439.SH,676562.2008,18.27
603458.SH,320036.8027,11.31
603466.SH,913608.7454,16.85
603477.SH,1349336.3318,30.81
603488.SH,209941.1264,7.91
603489.SH,1013627.753,92.84
603496.SH,393628.6482,18.93
603499.SH,187072.702,10.23
603500.SH,310418.1295,14.07
603505.SH,1543790.2841,39.18
603506.SH,226272.2237,13.26
603507.SH,516282.4451,39.99
603508.SH,692775.543,19.99
603511.SH,87971.53,17.78
603515.SH,1516562.4682,22.13
603517.SH,2338359.1302,42.26
603518.SH,376722.8858,11.94
603519.SH,361673.2054,14.94
603520.SH,575081.8472,18.47
603527.SH,292101.152,13.18
603528.SH,458744.5817,8.09
603529.SH,872512.6299,65.66
603530.SH,634994.8274,16.16
603535.SH,365720.8845,18.45
603536.SH,155325.7258,7.11
603538.SH,429493.7957,22.37
603551.SH,441869.013,12.18
603556.SH,1163068.0152,26.18
603558.SH,298147.6261,8.6
603565.SH,660338.347,16.72
603567.SH,1496780.1477,17.48
603569.SH,493107.3162,9.68
603577.SH,278755.3832,10.64
603578.SH,246006.9916,15.0
603579.SH,280032.4065,22.17
603580.SH,166216.3104,13.99
603583.SH,722921.6601,20.82
603585.SH,284403.1094,17.38
603586.SH,285452.8477,16.02
603587.SH,787388.8662,18.12
603588.SH,1418884.7283,10.51
603590.SH,556800.0,38.28
603595.SH,706165.3259,42.96
603599.SH,1806273.0685,30.61
603600.SH,284361.8816,10.34
603601.SH,432137.7505,4.65
603602.SH,245434.5536,13.24
603607.SH,247602.8016,15.26
603608.SH,182569.2503,4.79
603609.SH,925869.3019,11.08
603610.SH,231318.8291,12.22
603611.SH,557881.7246,22.97
603612.SH,821734.2469,20.76
603615.SH,192972.36,8.78
603616.SH,202506.408,5.84
603617.SH,319021.3829,9.16
603618.SH,398048.2669,6.34
603619.SH,672400.1681,18.49
603626.SH,360116.9188,7.14
603628.SH,399200.4,16.04
603629.SH,325052.0,19.65
603630.SH,337806.87,16.5
603633.SH,402187.1172,13.48
603636.SH,876146.8762,16.31
603637.SH,202253.0496,9.13
603638.SH,1438581.2058,18.88
603639.SH,649861.1688,21.22
603648.SH,326171.52,9.9
603650.SH,2049535.3418,37.95
603655.SH,276236.0,28.67
603656.SH,181846.5376,13.16
603657.SH,201196.8,16.47
603660.SH,301464.3888,6.71
603661.SH,475609.246,37.62
603662.SH,506617.0819,19.84
603663.SH,425218.3672,15.54
603665.SH,440432.3141,30.15
603666.SH,823305.2604,43.95
603667.SH,365733.0665,12.43
603669.SH,366388.9975,5.59
603676.SH,600313.698,15.39
603677.SH,224807.3942,12.71
603678.SH,1683670.2938,40.36
603679.SH,175550.4555,13.64
603680.SH,721021.2656,10.12
603681.SH,299119.4047,17.22
603682.SH,257040.0,5.98
603683.SH,206139.2256,10.56
603686.SH,418565.3272,11.08
603687.SH,351513.9745,9.22
603689.SH,404550.4526,9.46
603690.SH,1244427.6133,42.76
603693.SH,1027548.6,14.07
603696.SH,214737.6,10.04
603697.SH,417610.7847,15.04
603698.SH,793801.19,16.29
603699.SH,982020.282,14.42
603700.SH,280880.444,15.2
603701.SH,318077.4335,13.39
603703.SH,413276.24,15.22
603706.SH,280665.1821,16.3
603707.SH,2297616.5177,15.65
603708.SH,834728.2369,15.09
603709.SH,134400.0,18.48
603711.SH,907748.218,24.31
603712.SH,2347652.0,33.45
603713.SH,1517735.5552,102.08
603716.SH,191458.5011,10.46
603717.SH,202812.2218,7.69
603718.SH,645932.0,11.03
603719.SH,1291621.0,35.43
603721.SH,245700.0,20.79
603725.SH,154014.0,8.25
603726.SH,231507.0464,13.72
603727.SH,311581.5204,12.17
603728.SH,1706092.08,44.94
603730.SH,1575531.2827,18.4
603733.SH,1771998.1762,27.61
603738.SH,541740.812,21.6
603739.SH,328155.5441,14.29
603755.SH,340414.4268,37.97
603757.SH,473786.928,31.48
603758.SH,405009.6762,10.15
603759.SH,176306.5998,9.93
603766.SH,981593.0043,5.26
603767.SH,224742.295,8.04
603768.SH,304980.0,16.45
603773.SH,309324.0252,21.76
603776.SH,330918.5303,15.68
603777.SH,551285.1293,18.02
603778.SH,379928.5709,6.5
603779.SH,203309.7331,6.72
603786.SH,2181345.2,59.97
603787.SH,367200.0,19.8
603788.SH,250055.9412,12.33
603789.SH,215800.0,9.13
603797.SH,337620.2994,6.36
603798.SH,234400.0,12.89
603800.SH,508768.0,26.91
603801.SH,1062994.0221,37.5
603803.SH,303160.001,7.92
603808.SH,483511.6702,14.41
603809.SH,378088.1268,10.67
603810.SH,221495.4895,15.16
603811.SH,392297.6064,18.46
603813.SH,124827.492,15.47
603815.SH,467287.7974,8.31
603817.SH,321894.9197,6.84
603818.SH,349398.1187,6.62
603819.SH,325724.3598,16.46
603822.SH,228019.2296,32.65
603823.SH,471105.3392,16.39
603825.SH,379498.1549,16.48
603828.SH,185933.163,3.43
603829.SH,203840.0,14.01
603836.SH,130565.2259,16.75
603838.SH,159781.776,6.17
603839.SH,298610.6957,8.23
603843.SH,292442.5131,4.6
603848.SH,574633.0,15.76
603855.SH,950228.585,30.97
603856.SH,315902.7872,13.55
603858.SH,2347022.4927,23.34
603859.SH,692424.5603,45.73
603860.SH,220044.0,36.3
603861.SH,353218.4378,9.16
603863.SH,353635.2,19.01
603866.SH,1774088.5429,12.2
603867.SH,586123.12,34.76
603869.SH,491383.4948,10.71
603871.SH,1309127.2269,28.8
603876.SH,1727227.6607,39.04
603877.SH,1212861.1767,28.23
603878.SH,469689.3699,12.89
603879.SH,205185.6752,6.28
603881.SH,1100261.474,36.8
603883.SH,1966577.3833,37.15
603886.SH,468480.0,21.47
603887.SH,357900.0742,8.73
603889.SH,476435.8872,10.24
603890.SH,347280.0001,8.7
603895.SH,276468.64,28.14
603896.SH,867704.2704,48.4
603897.SH,386241.1592,20.58
603898.SH,320621.8629,11.33
603900.SH,221648.4698,7.16
603901.SH,661948.3636,15.07
603903.SH,190367.8306,10.35
603906.SH,1045395.9706,20.35
603908.SH,318778.2,52.58
603909.SH,312005.6968,17.12
603912.SH,472333.993,17.11
603915.SH,1166693.0234,19.62
603916.SH,622899.5993,16.3
603917.SH,326928.0,22.94
603919.SH,1266120.9525,27.46
603920.SH,845094.5447,17.47
603922.SH,300032.0,25.78
603926.SH,190143.279,10.04
603927.SH,2448600.0,45.38
603928.SH,224985.6,12.28
603929.SH,314065.92,16.19
603931.SH,359559.3883,34.24
603933.SH,236476.7568,12.69
603937.SH,228723.6,12.05
603938.SH,869377.5174,24.78
603948.SH,359520.0,24.72
603949.SH,310932.6402,16.3
603950.SH,180366.3251,16.09
603955.SH,233166.96,18.9
603956.SH,404714.5489,8.76
603958.SH,141267.84,7.08
603959.SH,469706.4343,10.54
603960.SH,453476.0224,19.17
603963.SH,242329.1,12.13
603966.SH,376911.822,13.81
603967.SH,341813.3761,10.85
603968.SH,353545.92,19.02
603969.SH,401042.75,5.27
603976.SH,288644.5703,21.0
603977.SH,554147.7106,9.81
603978.SH,284111.3973,18.83
603979.SH,1932840.5357,35.31
603980.SH,317100.0,4.98
603982.SH,134783.1625,18.05
603983.SH,1616030.0,44.33
603985.SH,910812.6342,22.73
603987.SH,593337.15,14.85
603988.SH,220147.2,10.3
603989.SH,846532.2033,23.23
603990.SH,356763.8364,18.3
603991.SH,260127.143,38.39
603992.SH,613146.0025,16.82
603995.SH,415490.8353,27.94
603997.SH,1438203.1026,14.05
603998.SH,522186.5395,13.38
603999.SH,451584.0,8.62
605001.SH,161074.9229,7.4
605003.SH,51672.5,20.67
605005.SH,76338.1279,16.38
605006.SH,228552.5776,8.87
605007.SH,140852.5079,18.69
605008.SH,301900.7962,16.37
605009.SH,258795.6632,55.11
605011.SH,182013.3,16.53
605016.SH,260349.796,32.1
605018.SH,94234.2438,11.09
605020.SH,490912.2321,43.43
605028.SH,66960.0,18.41
605033.SH,59217.6,19.27
605050.SH,188314.5,13.67
605055.SH,56301.0524,6.26
605056.SH,195799.8257,13.78
605058.SH,84903.5731,21.76
605060.SH,211425.6,28.13
605066.SH,196304.89,9.46
605068.SH,112122.0221,23.43
605069.SH,77680.8596,10.15
605077.SH,384426.6708,27.79
605080.SH,142328.6988,46.56
605081.SH,141864.6397,18.27
605086.SH,99439.488,21.38
605088.SH,128436.2665,17.96
605090.SH,581973.9274,24.64
605098.SH,173142.2822,43.33
605099.SH,86033.14,23.61
605100.SH,116169.984,16.63
605108.SH,273380.4445,36.83
605111.SH,950701.3528,47.96
605116.SH,197503.8848,28.09
605117.SH,1891784.6486,256.16
605118.SH,50972.3084,13.44
605122.SH,88539.066,16.6
605123.SH,564670.7815,113.72
605128.SH,147194.59,38.82
605136.SH,286308.1185,16.06
605138.SH,257480.419,9.53
605151.SH,111826.7226,19.37
605155.SH,64447.712,15.14
605158.SH,105204.177,8.02
605162.SH,85809.7377,9.31
605166.SH,194932.0702,11.43
605167.SH,195590.9751,9.67
605168.SH,608270.4067,150.29
605169.SH,72700.16,11.31
605177.SH,119979.2201,23.49
605178.SH,129070.5799,22.87
605179.SH,65636.0,11.84
605180.SH,57071.625,16.8
605183.SH,238813.7182,19.37
605186.SH,289048.653,47.72
605188.SH,45888.7985,8.36
605189.SH,82411.3294,21.79
605196.SH,227033.6397,7.71
605198.SH,146388.0779,19.23
605199.SH,149811.907,17.66
605208.SH,158533.821,13.45
605218.SH,116587.6,14.53
605222.SH,225516.9244,23.17
605228.SH,86473.7214,9.67
605255.SH,47933.6,15.73
605258.SH,85443.19,24.87
605259.SH,136161.67,39.05
605266.SH,452896.0965,85.22
605268.SH,69917.2,10.34
605277.SH,122780.6537,17.27
605286.SH,142368.0,32.63
605287.SH,156122.3839,27.34
605288.SH,68317.8003,42.46
605289.SH,129308.55,28.11
605296.SH,156493.4453,26.05
605298.SH,58901.7,15.1
605299.SH,133195.5388,12.9
605300.SH,127588.2409,24.38
605303.SH,76075.0002,12.31
605305.SH,350126.7,36.25
605318.SH,51627.5783,14.5
605319.SH,102550.0,16.12
605333.SH,147715.8137,16.52
605336.SH,96183.0305,18.05
605337.SH,305124.3602,28.27
605338.SH,220662.5446,28.14
605339.SH,148868.6451,24.16
605358.SH,2016418.6632,44.14
605365.SH,84584.0975,16.25
605366.SH,265825.6072,13.9
605368.SH,224418.7232,9.94
605369.SH,167421.015,65.22
605376.SH,573804.066,36.06
605377.SH,338879.1201,22.12
605378.SH,71314.26,23.53
605388.SH,188609.2409,14.73
605389.SH,83225.0947,26.87
605398.SH,93442.2223,38.08
605399.SH,223013.7342,28.85
605488.SH,66076.5,16.71
605499.SH,1305547.76,188.94
605500.SH,78735.26,11.36
605507.SH,684909.3622,24.97
605555.SH,188911.5786,21.44
605566.SH,136099.2188,24.04
605567.SH,164001.3424,14.6
605577.SH,259001.1119,15.13
605580.SH,71625.554,11.01
605588.SH,81726.2468,38.92
605589.SH,1162750.319,20.79
605598.SH,225314.0388,47.08
605599.SH,708120.1046,13.28
688001.SH,1554734.2207,45.23
688002.SH,2225317.5,59.7
688003.SH,694693.168,42.82
688004.SH,137499.2973,41.41
688005.SH,1831127.123,78.32
688006.SH,2042999.0388,56.86
688007.SH,956268.9695,25.1
688010.SH,359215.2206,28.18
688011.SH,134601.472,29.18
688013.SH,82032.5088,25.06
688015.SH,364046.4859,23.24
688016.SH,1191166.3547,198.59
688018.SH,1035458.461,153.91
688019.SH,1700582.8346,273.18
688020.SH,398967.027,59.69
688021.SH,201787.4378,31.33
688023.SH,1511732.6033,230.14
688025.SH,543014.7234,69.46
688026.SH,273560.1172,23.45
688028.SH,268544.0387,34.1
688029.SH,1628637.1487,104.04
688030.SH,386590.9304,25.74
688033.SH,1060425.0889,22.67
688035.SH,160911.8379,62.7
688037.SH,2287489.2185,296.38
688038.SH,111300.8122,16.7
688039.SH,444632.144,66.43
688045.SH,84649.7641,66.35
688046.SH,310762.4949,25.33
688047.SH,451328.0,165.12
688048.SH,408153.2254,103.37
688049.SH,281280.3598,37.64
688050.SH,1525482.606,262.8
688051.SH,260074.242,40.36
688053.SH,119746.0747,62.77
688055.SH,751990.0278,5.0
688056.SH,108198.2088,49.1
688057.SH,213232.184,18.28
688058.SH,324016.0,69.43
688059.SH,280498.0656,133.2
688060.SH,143451.3414,65.18
688061.SH,119310.1785,78.36
688062.SH,451910.5011,26.94
688065.SH,1497602.8706,68.18
688066.SH,1635826.9082,105.74
688067.SH,80535.1197,24.06
688068.SH,402076.9553,52.42
688069.SH,143065.098,33.66
688070.SH,156590.4,48.96
688071.SH,191049.2202,56.26
688073.SH,163729.872,140.77
688075.SH,142674.5166,78.59
688076.SH,420629.3881,35.1
688077.SH,167950.128,44.74
688078.SH,313632.72,52.7
688079.SH,177582.2841,11.96
688080.SH,315329.951,71.98
688081.SH,176640.0,28.8
688082.SH,745389.4536,119.76
688083.SH,968236.484,236.52
688084.SH,130643.8936,89.8
688085.SH,673083.213,35.76
688087.SH,238319.0,40.02
688088.SH,1453480.0,42.96
688089.SH,198900.6948,36.59
688090.SH,182336.712,32.56
688091.SH,833651.7835,87.29
688092.SH,69332.2752,30.84
688093.SH,110427.5827,21.22
688096.SH,144066.1864,16.01
688097.SH,147260.0,35.52
688098.SH,310857.508,9.08
688100.SH,1376500.0,33.04
688101.SH,444394.28,15.97
688102.SH,329978.0329,17.35
688105.SH,576315.8543,41.5
688106.SH,671899.1472,30.53
688107.SH,951964.9897,60.12
688108.SH,399750.0,11.7
688109.SH,97956.6263,44.05
688110.SH,731960.619,34.69
688112.SH,243187.319,98.62
688113.SH,188488.804,55.06
688114.SH,277573.0592,98.8
688115.SH,92461.1426,37.87
688116.SH,1217480.3278,62.83
688117.SH,146311.16,37.92
688118.SH,218752.2,27.52
688119.SH,110092.5,8.39
688120.SH,850620.3443,406.78
688121.SH,503983.7028,43.39
688123.SH,778029.2541,77.22
688125.SH,91352.3815,53.7
688127.SH,286644.2688,20.11
688128.SH,1187207.5,35.22
688129.SH,54936.18,15.91
688130.SH,65664.1235,50.87
688131.SH,644435.2045,128.26
688132.SH,84160.9629,28.98
688133.SH,666702.803,134.88
688135.SH,250420.9334,33.8
688136.SH,129896.1901,23.29
688137.SH,97237.7938,68.72
688138.SH,567216.8,25.51
688139.SH,2122968.8959,80.12
688141.SH,197523.282,47.93
688143.SH,71411.9063,44.64
688146.SH,259351.3049,52.68
688147.SH,167684.9662,53.53
688148.SH,429737.3465,13.48
688150.SH,300167.6653,24.43
688151.SH,202519.3065,24.41
688152.SH,207868.9028,210.71
688153.SH,520110.6704,69.35
688155.SH,159361.3144,57.5
688156.SH,232387.6656,39.12
688157.SH,258916.2936,88.52
688158.SH,681314.9046,23.0
688159.SH,186017.6954,24.35
688160.SH,98644.4685,42.71
688161.SH,381801.5312,61.08
688162.SH,179855.0153,45.67
688163.SH,97717.4764,27.38
688165.SH,319952.0207,11.83
688166.SH,875760.848,25.63
688168.SH,266261.5509,41.88
688170.SH,255082.84,46.56
688171.SH,71517.0557,25.61
688172.SH,264534.6528,26.53
688173.SH,350628.1979,24.96
688175.SH,103013.7843,39.29
688176.SH,350523.2939,17.99
688177.SH,1041825.28,30.19
688178.SH,156651.0265,22.12
688179.SH,238248.3715,38.88
688180.SH,2200195.1318,61.03
688181.SH,325596.4223,40.5
688182.SH,162048.0,20.26
688183.SH,326531.001,12.71
688184.SH,88650.8058,37.4
688185.SH,631191.2535,112.52
688186.SH,743412.8,41.64
688187.SH,995712.1193,56.94
688189.SH,274596.0,16.81
688190.SH,405543.528,88.3
688191.SH,97894.1639,16.06
688192.SH,178170.0454,55.1
688193.SH,126320.8847,50.94
688195.SH,220067.76,32.27
688196.SH,148830.0,59.53
688197.SH,282652.4239,66.97
688198.SH,1489549.3437,131.75
688200.SH,2178024.9288,286.98
688201.SH,267375.1215,51.01
688202.SH,1099956.6336,168.32
688203.SH,68593.7106,17.05
688205.SH,144752.64,74.4
688206.SH,398597.0475,32.88
688207.SH,467826.3971,44.92
688208.SH,1428820.5098,37.94
688210.SH,164837.168,27.12
688211.SH,274960.3079,51.54
688212.SH,583127.798,77.88
688213.SH,182733.672,68.51
688215.SH,52685.411,39.68
688216.SH,100530.0405,28.4
688217.SH,150067.8198,49.3
688218.SH,188708.7114,19.22
688219.SH,284609.9982,10.72
688221.SH,232468.2929,13.56
688222.SH,656313.84,19.66
688223.SH,2252040.0,13.79
688225.SH,239508.5936,26.33
688226.SH,140671.208,20.51
688227.SH,153278.8357,29.65
688228.SH,316265.6358,56.53
688229.SH,115845.51,66.0
688230.SH,117514.53,69.23
688231.SH,147644.5234,33.48
688232.SH,447014.2115,55.27
688233.SH,559360.0,41.95
688234.SH,1124470.6203,96.19
688235.SH,1624985.2422,176.54
688236.SH,257844.0192,39.79
688237.SH,82770.0575,52.79
688238.SH,372902.6837,20.02
688239.SH,672519.4999,79.9
688244.SH,94540.7035,114.0
688246.SH,418934.3714,50.34
688247.SH,55004.221,15.32
688248.SH,319230.912,47.11
688249.SH,665091.2813,0.0
688251.SH,37473.363,31.86
688252.SH,76953.235,25.6
688253.SH,70728.4785,28.4
688255.SH,174963.2633,42.68
688257.SH,235427.5,42.0
688259.SH,299773.2888,63.01
688260.SH,94477.2526,16.64
688261.SH,714202.669,222.01
688262.SH,1050738.2067,67.38
688265.SH,197346.5349,48.65
688266.SH,761130.5748,63.7
688267.SH,149042.3767,27.92
688268.SH,892693.6704,89.04
688269.SH,376002.732,74.64
688270.SH,477763.641,92.64
688271.SH,730550.0,175.33
688273.SH,94355.2363,48.36
688275.SH,287380.6139,173.7
688276.SH,1577518.4683,81.06
688277.SH,486770.8842,19.52
688278.SH,1767546.0,52.14
688279.SH,427561.3357,93.07
688280.SH,345522.1476,9.11
688281.SH,602001.4709,319.18
688282.SH,218936.52,73.72
688283.SH,271655.2795,64.14
688285.SH,84478.275,11.34
688286.SH,164597.0588,55.44
688287.SH,180085.815,14.8
688288.SH,220154.5605,26.33
688289.SH,642924.0332,22.09
688290.SH,295284.0443,78.79
688291.SH,65274.2681,32.12
688292.SH,155372.8976,51.6
688293.SH,145915.434,98.94
688295.SH,448769.7682,42.83
688296.SH,98607.8083,20.16
688297.SH,635070.8666,59.16
688298.SH,919296.0,65.66
688299.SH,421645.8521,17.64
688300.SH,797833.152,76.8
688301.SH,1527754.2818,318.11
688302.SH,150580.416,76.02
688303.SH,1967349.2953,46.62
688305.SH,457776.8866,105.55
688306.SH,218145.7094,5.74
688307.SH,52391.788,34.45
688308.SH,337587.85,61.5
688309.SH,95629.1564,25.52
688310.SH,305148.7299,43.64
688311.SH,434368.9811,77.65
688312.SH,110430.1339,19.07
688313.SH,391301.4442,14.46
688314.SH,118681.0235,39.92
688315.SH,355660.725,38.83
688317.SH,309331.975,30.0
688318.SH,1510862.206,194.24
688319.SH,560095.5921,23.5
688320.SH,272102.5313,38.58
688321.SH,954622.2747,27.86
688322.SH,92494.9768,34.09
688323.SH,197715.8375,24.28
688325.SH,123400.5078,48.11
688326.SH,725516.7754,149.76
688328.SH,94965.8868,23.69
688329.SH,145575.238,38.26
688330.SH,270725.5743,56.8
688331.SH,971089.8086,72.72
688332.SH,200353.5,82.62
688333.SH,1397710.0167,146.87
688335.SH,166452.1114,28.85
688336.SH,159422.623,20.63
688337.SH,250051.1946,102.26
688338.SH,258714.4842,63.37
688339.SH,641380.1861,94.64
688345.SH,90468.75,45.0
688349.SH,483492.0199,41.87
688350.SH,101843.7846,19.49
688351.SH,125145.6033,22.8
688352.SH,194609.1596,15.43
688353.SH,144538.2818,45.23
688355.SH,95655.5791,30.49
688356.SH,442307.6958,146.32
688357.SH,570005.133,115.06
688360.SH,113854.5829,32.38
688362.SH,154260.0935,40.61
688365.SH,719795.0,21.54
688366.SH,1257011.6,109.46
688367.SH,105984.7674,19.74
688368.SH,850144.5867,162.18
688370.SH,91300.9373,44.23
688371.SH,133358.478,20.44
688372.SH,210041.107,134.42
688373.SH,108076.8,10.39
688375.SH,253575.6974,94.81
688376.SH,103283.8647,40.16
688377.SH,286223.868,31.25
688378.SH,406031.9756,72.84
688379.SH,80694.9271,20.77
688380.SH,162455.3276,34.33
688382.SH,205999.7045,23.53
688385.SH,1594829.0925,61.74
688386.SH,199202.4185,50.47
688387.SH,371853.6143,9.23
688388.SH,1122168.7296,45.78
688389.SH,1073735.1509,30.28
688391.SH,118659.2747,111.61
688393.SH,142646.118,28.26
688395.SH,81723.6403,25.09
688399.SH,369188.76,75.58
688400.SH,267785.0361,36.77
688401.SH,132231.2333,53.33
688403.SH,137712.6752,13.52
688408.SH,522182.6269,85.79
688409.SH,418354.4967,107.38
688410.SH,169520.5779,61.2
688416.SH,102625.2604,65.4
688418.SH,245589.1604,22.22
688419.SH,74024.475,45.61
688420.SH,82943.2348,49.06
688425.SH,815359.2942,6.78
688426.SH,77625.4634,44.5
688428.SH,310135.7325,15.36
688432.SH,224293.641,18.36
688433.SH,85697.5631,29.76
688435.SH,186745.5848,127.2
688439.SH,478309.3389,128.14
688448.SH,40568.1104,28.76
688455.SH,54061.7163,16.09
688456.SH,194836.4688,36.3
688459.SH,88433.887,12.16
688466.SH,85026.805,22.12
688468.SH,280224.9939,12.23
688475.SH,398929.588,57.14
688478.SH,123916.5949,52.02
688480.SH,48722.4429,30.3
688484.SH,214958.1318,47.1
688485.SH,49030.583,18.38
688486.SH,117018.3643,94.42
688488.SH,266439.2952,14.82
688489.SH,171732.0819,126.82
688496.SH,100111.1422,15.31
688498.SH,269599.7073,255.34
688499.SH,375047.9196,111.19
688501.SH,134698.5276,26.21
688502.SH,213258.1438,212.17
688503.SH,237648.7137,120.07
688505.SH,256821.8457,11.47
688506.SH,283782.2867,103.0
688508.SH,519568.2605,81.22
688509.SH,187769.8078,5.99
688510.SH,302244.7883,21.84
688511.SH,130657.6056,38.44
688513.SH,341761.38,67.46
688516.SH,1246250.5112,198.13
688517.SH,198248.1238,28.56
688518.SH,665825.5462,31.76
688519.SH,182073.1256,23.77
688520.SH,609070.952,73.56
688521.SH,1659287.4186,95.64
688522.SH,180330.6355,59.86
688526.SH,304059.6715,29.2
688528.SH,49486.431,11.44
688529.SH,108156.097,27.6
688531.SH,269239.9898,185.87
688533.SH,173640.0,52.09
688535.SH,83036.3886,60.64
688536.SH,1523564.1065,278.6
688538.SH,1498733.5989,3.16
688539.SH,102973.3473,43.78
688550.SH,309458.4261,50.99
688551.SH,365887.925,82.61
688556.SH,1099960.0431,77.71
688557.SH,144011.7276,39.13
688559.SH,562686.1013,51.66
688560.SH,269417.8065,35.8
688565.SH,74851.2765,9.4
688566.SH,231549.1272,34.42
688567.SH,1733118.2345,25.61
688568.SH,1008263.99,91.74
688569.SH,510866.796,46.56
688571.SH,149766.4,9.6
688575.SH,439598.3954,20.0
688577.SH,79106.1421,49.73
688578.SH,553950.2196,32.15
688579.SH,457428.1824,19.49
688580.SH,175104.4222,84.84
688585.SH,66276.8394,9.5
688586.SH,458238.8103,21.71
688588.SH,387199.4215,18.3
688589.SH,228669.2483,48.42
688590.SH,232495.9049,17.34
688595.SH,266904.4738,40.4
688596.SH,846504.7229,45.84
688597.SH,166067.1739,15.67
688598.SH,1261675.4191,191.7
688600.SH,186520.4654,32.52
688601.SH,315459.76,81.44
688607.SH,135744.9241,24.49
688609.SH,271245.0015,9.9
688611.SH,69148.3,59.38
688613.SH,250279.5718,28.99
688616.SH,62966.61,13.48
688617.SH,1577607.5022,420.84
688618.SH,148704.9253,104.63
688619.SH,139027.6194,18.64
688621.SH,496092.377,104.57
688622.SH,133227.9014,42.11
688625.SH,336574.8478,50.1
688626.SH,226627.9808,51.79
688630.SH,495220.3012,85.39
688633.SH,94297.336,47.28
688636.SH,230043.3856,92.06
688639.SH,1039691.8586,178.5
688655.SH,90120.1536,15.7
688656.SH,61976.1817,41.18
688658.SH,423726.3515,24.85
688659.SH,116995.9504,15.96
688660.SH,292810.7033,6.79
688662.SH,204718.3633,45.3
688663.SH,278187.2676,38.63
688665.SH,177550.45,98.87
688667.SH,161894.7286,83.04
688668.SH,180291.8236,65.11
688669.SH,106369.8565,27.25
688670.SH,171461.1137,67.14
688676.SH,584631.6415,36.54
688677.SH,482675.7,107.64
688678.SH,145393.359,19.39
688679.SH,87803.5119,17.65
688680.SH,627520.7044,144.6
688681.SH,95766.0837,17.5
688682.SH,249098.6007,96.59
688683.SH,126349.81,26.22
688685.SH,104638.7429,22.74
688686.SH,478264.496,168.05
688687.SH,301402.35,30.6
688689.SH,85410.6272,27.62
688690.SH,835108.0281,49.68
688696.SH,687433.1035,180.62
688697.SH,188527.577,29.16
688698.SH,119700.0,31.92
688699.SH,266389.2374,61.02
688701.SH,57359.9977,10.49
688707.SH,899768.3622,38.74
688711.SH,776703.3336,84.07
688718.SH,90220.9756,19.88
688722.SH,213308.8524,20.94
688728.SH,1681906.0223,18.23
688733.SH,461212.351,39.08
688737.SH,178805.9628,47.5
688739.SH,630515.702,40.27
688766.SH,438127.0883,181.68
688767.SH,126634.6992,38.86
688768.SH,384690.9443,141.82
688772.SH,1295442.0441,20.54
688776.SH,297206.0085,149.56
688778.SH,586168.9899,74.51
688779.SH,1135239.8109,13.44
688786.SH,216747.4252,49.72
688788.SH,258664.3191,47.29
688789.SH,554752.0637,162.31
688793.SH,107209.2384,55.57
688798.SH,825349.161,104.05
688799.SH,210963.782,45.77
688800.SH,543836.8981,87.26
688819.SH,454746.6,41.69
