id,circ_mv,up_limit
000001.SZ,24916722.2838,14.12
000004.SZ,121533.0238,10.73
000008.SZ,649628.2899,2.72
000010.SZ,133675.9035,2.82
000011.SZ,536478.5783,11.21
000014.SZ,256084.905,11.64
000017.SZ,129978.2866,4.72
000019.SZ,320070.417,8.46
000020.SZ,177542.0832,10.78
000025.SZ,688147.6166,19.27
000026.SZ,437239.4161,13.27
000027.SZ,3173179.074,7.34
000028.SZ,2153815.8416,64.43
000030.SZ,817337.1697,5.31
000031.SZ,1581140.4318,4.35
000034.SZ,1407388.6992,28.15
000035.SZ,1180059.1259,5.29
000036.SZ,596309.1266,4.43
000037.SZ,251121.3106,8.15
000039.SZ,1640903.2922,7.84
000040.SZ,441101.7187,4.58
000042.SZ,551758.8739,9.14
000045.SZ,457478.8708,11.01
000048.SZ,1056420.0458,22.21
000049.SZ,1067238.6884,39.23
000050.SZ,2161972.6892,10.01
000055.SZ,335234.5848,5.46
000058.SZ,625274.1997,6.99
000060.SZ,1898529.3398,5.59
000061.SZ,1109796.6384,7.19
000062.SZ,1256590.6726,13.23
000065.SZ,1659466.9517,20.16
000068.SZ,311061.4824,3.4
000070.SZ,573820.4798,7.58
000078.SZ,877557.5731,3.69
000088.SZ,1232526.2392,6.03
000089.SZ,1488838.9846,7.99
000090.SZ,1018226.7122,6.0
000096.SZ,425025.536,9.15
000099.SZ,575984.4753,8.92
000151.SZ,357702.0037,14.76
000153.SZ,297626.2774,10.49
000155.SZ,1906489.0037,16.17
000156.SZ,1549404.5599,10.89
000158.SZ,1105276.9069,7.69
000159.SZ,354746.2628,8.12
000401.SZ,1394116.763,9.91
000403.SZ,1359873.7939,23.39
000404.SZ,453150.2181,7.17
000407.SZ,330164.3143,4.15
000409.SZ,353519.7908,9.19
000411.SZ,402210.6579,14.71
000417.SZ,388734.698,5.49
000419.SZ,301531.414,6.11
000420.SZ,953687.7595,4.27
000421.SZ,288041.4078,5.53
000426.SZ,1213959.7652,9.05
000428.SZ,444231.898,4.8
000429.SZ,1068725.7259,9.02
000430.SZ,243164.5404,8.06
000488.SZ,853565.8564,5.58
000498.SZ,1125493.45,8.49
000504.SZ,338944.4623,12.0
000505.SZ,478027.8303,8.47
000506.SZ,403971.868,4.79
000507.SZ,529672.261,6.46
000509.SZ,378807.7622,3.88
000510.SZ,336399.8461,6.52
000513.SZ,2211390.3469,40.15
000514.SZ,340883.4699,4.44
000517.SZ,775007.7754,3.42
000518.SZ,286210.9227,3.06
000520.SZ,326902.956,3.55
000521.SZ,641967.857,8.06
000523.SZ,444717.9673,3.55
000524.SZ,682813.1718,11.21
000526.SZ,267321.3494,24.97
000528.SZ,1062533.3796,8.27
000529.SZ,392080.4514,7.57
000530.SZ,286819.891,5.26
000531.SZ,557383.3824,7.46
000532.SZ,379278.9196,12.14
000533.SZ,280809.984,4.51
000536.SZ,530511.8431,2.11
000537.SZ,2164249.0766,12.78
000539.SZ,1486377.1908,6.4
000541.SZ,562058.5586,5.85
000543.SZ,1285311.5087,6.24
000544.SZ,759279.2162,8.57
000545.SZ,309416.5721,3.45
000546.SZ,623300.541,9.64
000547.SZ,1578820.5918,10.93
000548.SZ,251591.1607,5.54
000551.SZ,380876.5456,10.47
000552.SZ,866593.6411,3.81
000553.SZ,1878809.2188,9.49
000554.SZ,203807.999,6.18
000555.SZ,1224103.1372,13.74
000557.SZ,852880.9758,6.44
000558.SZ,385297.8273,3.29
000560.SZ,683942.4385,3.34
000561.SZ,532793.6171,9.74
000563.SZ,1387404.4961,3.85
000565.SZ,243245.2354,6.17
000566.SZ,578033.1875,5.46
000567.SZ,1681794.1418,19.94
000570.SZ,246942.7914,5.45
000572.SZ,765244.3344,5.13
000573.SZ,227854.809,3.96
000576.SZ,438921.4356,11.24
000581.SZ,1375592.2317,18.36
000582.SZ,1230640.2723,9.6
000586.SZ,218393.76,12.42
000589.SZ,631518.0863,6.24
000590.SZ,203230.4167,9.34
000593.SZ,241599.559,7.41
000595.SZ,615712.0805,5.95
000597.SZ,755209.9287,6.22
000598.SZ,1700994.2319,6.3
000599.SZ,341393.3833,4.6
000600.SZ,663836.8727,6.7
000601.SZ,484866.4621,4.94
000603.SZ,892635.534,16.68
000605.SZ,214403.7419,6.99
000607.SZ,544224.4433,6.77
000609.SZ,138742.3448,5.23
000610.SZ,367746.9224,17.18
000612.SZ,615943.2759,5.69
000619.SZ,230040.0,7.03
000622.SZ,201557.124,5.21
000623.SZ,1981257.8864,18.8
000626.SZ,403597.9173,8.88
000627.SZ,1611586.4744,3.89
000631.SZ,805163.8446,3.64
000632.SZ,200157.0906,4.73
000633.SZ,389723.8039,11.13
000635.SZ,270960.3162,9.83
000636.SZ,1680267.0569,17.14
000638.SZ,180266.551,6.42
000639.SZ,520283.7041,5.3
000650.SZ,872507.3234,7.15
000655.SZ,398282.6139,7.36
000656.SZ,732862.9955,1.52
000657.SZ,1277492.0916,14.83
000659.SZ,376710.8384,3.22
000663.SZ,290676.8333,10.44
000665.SZ,681656.6893,6.61
000666.SZ,301132.4477,11.29
000668.SZ,162530.7394,12.19
000670.SZ,436040.6851,7.87
000672.SZ,1079906.5313,12.25
000677.SZ,240185.8695,3.06
000678.SZ,240376.9698,5.75
000679.SZ,182833.2,5.64
000680.SZ,499134.5881,5.16
000682.SZ,1206535.8663,9.9
000683.SZ,2313441.8374,7.77
000686.SZ,1783425.1212,8.38
000688.SZ,1948052.4497,19.17
000690.SZ,1474291.5923,7.46
000691.SZ,137066.48,4.66
000698.SZ,337855.5034,4.73
000700.SZ,460399.1516,5.52
000701.SZ,265149.3941,7.1
000702.SZ,138383.3449,5.71
000705.SZ,230582.5443,9.0
000707.SZ,407055.8359,9.65
000709.SZ,2490833.1285,2.65
000710.SZ,374568.4054,13.44
000712.SZ,1220213.1763,14.99
000713.SZ,555683.5569,9.96
000715.SZ,300088.0142,7.95
000716.SZ,476702.2224,7.61
000717.SZ,705256.2408,3.2
000718.SZ,693795.5293,3.33
000719.SZ,845943.0845,13.95
000720.SZ,657166.0116,5.75
000721.SZ,519212.1862,13.1
000722.SZ,519393.1176,12.31
000726.SZ,404091.5535,7.74
000727.SZ,697521.319,2.24
000735.SZ,835541.2322,7.99
000736.SZ,987515.8384,15.62
000737.SZ,430738.4163,6.52
000739.SZ,2313756.3298,21.6
000750.SZ,1943695.6085,3.93
000751.SZ,475125.7785,3.71
000753.SZ,430302.7848,4.77
000755.SZ,323323.2781,5.83
000756.SZ,990058.8292,24.7
000757.SZ,202422.2658,4.36
000758.SZ,1092977.6472,6.11
000759.SZ,308181.8318,5.17
000761.SZ,1538908.49,4.57
000766.SZ,431919.2969,5.6
000767.SZ,917356.4414,3.47
000777.SZ,478496.7121,13.73
000778.SZ,1807797.0199,5.1
000779.SZ,444128.3646,12.99
000782.SZ,265654.2304,5.53
000785.SZ,1152618.5604,4.61
000788.SZ,417787.1849,7.71
000789.SZ,707279.3224,9.76
000790.SZ,283487.8771,5.04
000791.SZ,715129.0492,5.79
000795.SZ,708552.5644,6.88
000798.SZ,429110.4811,12.9
000801.SZ,702668.1658,7.56
000802.SZ,436433.8056,6.71
000803.SZ,310306.5732,12.03
000812.SZ,427095.9497,6.12
000815.SZ,814848.277,12.89
000816.SZ,450550.1395,3.66
000820.SZ,112473.8557,4.3
000821.SZ,1013969.4535,19.47
000823.SZ,495062.1412,10.14
000825.SZ,2375305.4195,4.59
000826.SZ,461756.0387,3.56
000828.SZ,1047831.7671,11.09
000829.SZ,1011840.113,10.87
000830.SZ,1655995.2912,12.44
000833.SZ,255585.4749,7.44
000836.SZ,349243.5597,3.18
000837.SZ,731413.7338,11.61
000838.SZ,501592.547,5.24
000848.SZ,960142.1064,9.81
000850.SZ,361313.7403,4.21
000851.SZ,623590.1434,6.06
000852.SZ,659496.3664,8.03
000856.SZ,216558.0,10.49
000859.SZ,447923.8855,5.5
000861.SZ,457062.097,2.12
000862.SZ,378521.432,8.31
000863.SZ,441670.5103,4.09
000869.SZ,1437470.736,34.87
000875.SZ,1364688.0266,6.14
000877.SZ,1616238.7539,9.76
000878.SZ,2126251.7867,13.76
000880.SZ,165405.24,11.22
000881.SZ,609931.813,8.65
000882.SZ,479035.9028,1.93
000885.SZ,938076.3306,16.07
000886.SZ,549207.7375,6.19
000888.SZ,474221.7918,9.9
000890.SZ,181639.6229,4.76
000892.SZ,331960.624,5.14
000893.SZ,1929834.0407,26.21
000899.SZ,809812.5408,9.13
000900.SZ,684510.1361,4.96
000905.SZ,582319.3561,8.64
000906.SZ,696580.0654,11.29
000908.SZ,222080.7688,3.12
000910.SZ,457397.336,9.2
000911.SZ,343201.7123,11.65
000912.SZ,738528.0,5.18
000913.SZ,877589.838,21.29
000915.SZ,897013.7101,42.13
000917.SZ,898566.2042,6.97
000919.SZ,398271.1949,8.7
000920.SZ,384843.48,10.03
000921.SZ,2211036.2831,26.94
000922.SZ,784643.9125,14.75
000923.SZ,901027.6805,15.79
000925.SZ,417351.1716,8.37
000926.SZ,405805.9977,4.77
000929.SZ,172194.1647,10.2
000930.SZ,1503711.5068,8.91
000931.SZ,445476.6133,6.57
000935.SZ,1403203.3321,20.22
000936.SZ,596124.6495,7.4
000948.SZ,723336.5688,20.88
000949.SZ,461673.6408,3.62
000950.SZ,1368722.2792,8.71
000951.SZ,1844398.1128,17.27
000952.SZ,238727.4048,7.63
000953.SZ,196241.4965,5.9
000955.SZ,241462.6812,4.94
000958.SZ,2454795.9697,5.02
000959.SZ,2297082.6403,4.2
000961.SZ,697448.5781,2.01
000962.SZ,484914.166,12.1
000965.SZ,478337.1157,4.74
000966.SZ,733760.6799,6.17
000967.SZ,1712763.0622,5.93
000968.SZ,788514.6679,8.97
000969.SZ,924181.0595,9.91
000970.SZ,1490479.7977,13.49
000972.SZ,262236.4169,3.74
000973.SZ,433395.1857,4.93
000978.SZ,255996.9187,7.82
000985.SZ,209627.0715,17.79
000989.SZ,871837.4827,14.58
000990.SZ,1017153.0635,9.21
000993.SZ,422597.4167,10.57
000998.SZ,2003592.3725,17.01
001201.SZ,226540.7171,27.14
001202.SZ,57638.126,15.76
001203.SZ,506574.567,12.78
001205.SZ,243820.096,22.99
001206.SZ,173136.0465,16.36
001207.SZ,101042.5137,17.27
001208.SZ,238395.504,10.51
001209.SZ,62526.7572,17.07
001210.SZ,103466.2643,27.7
001211.SZ,80372.1448,23.54
001212.SZ,144056.7765,28.91
001215.SZ,293943.884,71.5
001216.SZ,81164.0763,14.18
001217.SZ,158448.0006,13.11
001218.SZ,166688.7612,24.77
001219.SZ,132613.5465,25.1
001222.SZ,71678.2,23.12
001223.SZ,114891.84,75.77
001225.SZ,72588.932,49.39
001226.SZ,49709.4221,29.29
001227.SZ,866427.7884,3.44
001228.SZ,216715.2056,43.45
001229.SZ,82475.0,36.29
001230.SZ,68534.7574,27.07
001231.SZ,51800.0,22.79
001234.SZ,64004.8734,24.22
001236.SZ,151872.1114,16.58
001238.SZ,58685.0,23.47
001255.SZ,81240.0,44.68
001256.SZ,62464.932,19.27
001258.SZ,220733.334,10.41
001259.SZ,49279.525,29.33
001260.SZ,60116.25,23.0
001266.SZ,72509.6988,26.98
001267.SZ,222448.7521,6.77
001268.SZ,57177.6847,23.31
001269.SZ,310238.3552,99.33
001270.SZ,337706.2335,132.89
001278.SZ,66166.5426,23.53
001283.SZ,89980.0,49.49
001287.SZ,514123.6007,30.69
001288.SZ,88522.1062,17.46
001289.SZ,245471.6183,20.25
001296.SZ,71291.4915,20.83
001298.SZ,78312.0,35.89
001299.SZ,73398.5,17.22
001300.SZ,76850.3575,13.87
001301.SZ,458762.2968,77.7
001308.SZ,190798.1723,29.25
001309.SZ,126640.0,69.65
001313.SZ,195389.9229,9.87
001314.SZ,134652.6025,42.19
001316.SZ,71660.0,39.41
001317.SZ,103562.16,38.43
001318.SZ,94313.8,14.67
001319.SZ,72396.8,22.53
001322.SZ,174766.6163,19.9
001323.SZ,135033.75,37.13
001328.SZ,135142.9482,35.24
001330.SZ,259509.1844,10.38
001331.SZ,75690.0,27.75
001332.SZ,117800.0,64.79
001333.SZ,84640.0,29.1
001336.SZ,55558.5275,30.42
001337.SZ,227700.0,41.75
001338.SZ,203702.7178,17.86
001339.SZ,158327.0,28.2
001360.SZ,95803.0527,21.09
001366.SZ,66295.05,18.07
001367.SZ,83991.5268,55.46
001368.SZ,65884.0,25.88
001696.SZ,575961.8477,7.24
001896.SZ,594351.5985,4.95
001914.SZ,1640190.1352,17.02
002002.SZ,775050.6445,2.75
002003.SZ,749401.0152,9.53
002004.SZ,992426.9541,5.81
002006.SZ,861162.72,20.81
002009.SZ,446509.5708,13.2
002010.SZ,1517288.5318,6.18
002011.SZ,1175239.3925,14.12
002012.SZ,278056.434,6.56
002014.SZ,535365.5089,9.8
002016.SZ,527530.3521,7.17
002017.SZ,663103.742,16.38
002020.SZ,947842.709,15.88
002022.SZ,584072.9641,12.5
002023.SZ,586759.6601,9.79
002026.SZ,375324.9349,9.65
002029.SZ,447971.9515,6.81
002030.SZ,1747290.3098,13.7
002033.SZ,534644.2161,10.7
002034.SZ,734294.3338,18.93
002035.SZ,540121.9451,7.61
002036.SZ,948644.6002,9.93
002037.SZ,438882.3944,9.98
002039.SZ,587892.4233,15.13
002040.SZ,357167.4984,8.12
002041.SZ,1446720.0,18.08
002042.SZ,535714.6268,3.47
002046.SZ,614012.7703,12.88
002047.SZ,457873.8545,3.76
002048.SZ,679581.5639,14.32
002051.SZ,1684917.1561,14.98
002053.SZ,957892.1395,12.36
002054.SZ,261703.2374,7.63
002055.SZ,473880.1783,8.86
002058.SZ,152706.6723,11.74
002059.SZ,610678.1,7.12
002060.SZ,796862.1737,7.29
002061.SZ,1160329.42,6.88
002062.SZ,527913.9401,5.98
002063.SZ,1230647.9359,9.26
002065.SZ,2227513.842,8.44
002066.SZ,263108.992,12.53
002067.SZ,370818.5421,3.86
002068.SZ,713796.2989,10.7
002072.SZ,171565.1964,7.33
002073.SZ,559127.492,6.53
002076.SZ,259160.0333,2.75
002077.SZ,869362.0725,16.48
002079.SZ,989904.5624,13.64
002081.SZ,1419186.155,5.91
002082.SZ,275562.3613,8.42
002084.SZ,260259.3,4.42
002085.SZ,1272091.0522,6.53
002088.SZ,860227.0453,20.97
002090.SZ,454065.3083,12.5
002093.SZ,779151.9375,8.51
002094.SZ,254086.906,4.05
002095.SZ,536138.924,23.43
002096.SZ,458539.445,13.59
002097.SZ,605978.8574,6.84
002098.SZ,213726.0,6.57
002101.SZ,932869.5546,19.4
002103.SZ,246985.1774,6.45
002104.SZ,522844.4139,9.71
002105.SZ,217415.0,6.49
002106.SZ,578093.9385,9.03
002107.SZ,358858.4895,6.93
002108.SZ,740573.1853,4.87
002109.SZ,468560.4311,4.9
002111.SZ,429771.7302,9.94
002112.SZ,253115.9741,10.82
002114.SZ,219258.978,7.46
002115.SZ,436368.9425,6.82
002116.SZ,584215.3928,15.43
002117.SZ,500760.872,10.1
002119.SZ,466853.296,13.68
002123.SZ,914660.5607,14.74
002124.SZ,730479.378,5.23
002125.SZ,667999.3086,12.39
002126.SZ,978900.0014,14.45
002127.SZ,871681.5389,4.81
002132.SZ,548442.429,4.31
002133.SZ,267144.9597,3.82
002134.SZ,222739.8898,9.97
002135.SZ,766823.4247,7.71
002136.SZ,241692.2285,12.41
002137.SZ,274176.0277,7.72
002138.SZ,1558676.5575,23.64
002139.SZ,1142485.3074,11.96
002140.SZ,512784.6888,10.48
002141.SZ,415284.286,4.03
002144.SZ,153758.0596,12.27
002146.SZ,666305.151,1.88
002148.SZ,267694.8424,6.52
002149.SZ,765402.3816,17.25
002150.SZ,636073.1628,19.7
002151.SZ,1269850.6449,35.81
002153.SZ,2266189.6524,20.26
002154.SZ,663671.1709,6.74
002155.SZ,1745184.6703,15.97
002156.SZ,2442464.5083,20.22
002158.SZ,1208520.9013,24.93
002159.SZ,229680.231,18.3
002160.SZ,309181.2894,4.46
002161.SZ,354589.2741,5.47
002162.SZ,376958.7451,4.48
002164.SZ,262090.6188,6.0
002167.SZ,486074.4357,7.68
002168.SZ,375514.7606,5.28
002169.SZ,593442.9707,8.55
002170.SZ,463889.4186,7.21
002171.SZ,956598.5097,8.1
002172.SZ,273202.0969,3.93
002173.SZ,254820.44,7.47
002175.SZ,351111.9499,3.03
002178.SZ,295282.6119,4.57
002181.SZ,696559.9578,6.75
002183.SZ,1412393.4854,5.98
002184.SZ,332128.8385,15.21
002186.SZ,368740.2849,13.17
002187.SZ,360943.4543,7.68
002188.SZ,146216.137,6.68
002189.SZ,413456.77,17.41
002190.SZ,816826.714,25.05
002191.SZ,1039479.6344,8.0
002193.SZ,180564.0534,7.61
002194.SZ,476040.1899,10.31
002195.SZ,1725187.3841,3.36
002196.SZ,321991.4653,7.43
002197.SZ,555149.7129,11.43
002199.SZ,161889.1714,7.32
002201.SZ,652202.6928,11.03
002204.SZ,1019763.3769,5.81
002205.SZ,190860.9952,11.3
002206.SZ,496469.5399,5.96
002207.SZ,171204.887,7.23
002208.SZ,423134.8824,7.48
002209.SZ,139998.8183,9.97
002212.SZ,1242505.3201,11.7
002213.SZ,252762.0,13.5
002214.SZ,630776.6876,14.52
002216.SZ,1019754.5785,17.8
002217.SZ,918339.2347,3.25
002218.SZ,672528.3543,5.31
002219.SZ,1459287.504,4.95
002221.SZ,1317894.9644,9.93
002222.SZ,1069088.2796,27.63
002224.SZ,223188.7887,5.06
002225.SZ,321117.3449,4.28
002228.SZ,404938.8219,3.61
002231.SZ,195169.5273,7.28
002232.SZ,612414.134,16.49
002233.SZ,963853.7569,8.9
002234.SZ,558302.7158,20.24
002235.SZ,373897.6006,7.5
002237.SZ,1093387.3603,13.21
002238.SZ,657295.952,9.01
002242.SZ,1204455.0661,17.3
002243.SZ,1055606.8542,9.59
002245.SZ,1188708.2527,12.08
002246.SZ,504562.9757,10.11
002247.SZ,153162.6799,2.62
002248.SZ,250608.914,8.97
002249.SZ,945651.2468,5.89
002250.SZ,1049649.4806,12.56
002251.SZ,435407.5913,5.54
002253.SZ,320587.8847,16.96
002254.SZ,888840.7898,22.91
002255.SZ,338317.7286,5.73
002256.SZ,335047.1453,2.64
002258.SZ,1134793.2272,15.65
002262.SZ,2365702.182,29.51
002263.SZ,494004.7613,2.89
002264.SZ,400525.0614,6.74
002265.SZ,433568.5601,14.97
002266.SZ,1301031.9338,4.48
002267.SZ,877427.5261,8.68
002269.SZ,434662.5,1.9
002270.SZ,771372.3643,11.18
002272.SZ,194523.1368,6.42
002273.SZ,1521791.3566,12.35
002274.SZ,741019.3127,8.69
002275.SZ,1094234.8,21.81
002277.SZ,479595.4432,3.78
002278.SZ,176462.7311,5.72
002279.SZ,555585.2377,7.76
002280.SZ,693151.367,4.04
002281.SZ,1579382.8471,25.76
002282.SZ,299128.5198,8.31
002283.SZ,565661.6109,6.27
002284.SZ,566326.9526,8.54
002285.SZ,564196.3368,3.08
002286.SZ,309125.4461,9.2
002287.SZ,1229753.8693,25.59
002288.SZ,355716.8999,4.88
002290.SZ,229039.7786,10.29
002293.SZ,1074475.1966,14.3
002295.SZ,164943.746,7.25
002296.SZ,283476.0655,9.03
002298.SZ,385943.872,6.94
002300.SZ,613936.4761,10.29
002301.SZ,516234.9703,7.91
002302.SZ,1086887.0557,9.47
002303.SZ,325623.9302,3.76
002305.SZ,390169.6596,2.48
002306.SZ,317183.1534,4.29
002307.SZ,700441.7203,7.06
002308.SZ,439290.6012,5.39
002310.SZ,505440.1576,2.13
002312.SZ,1233103.6772,10.07
002314.SZ,464330.8633,3.82
002316.SZ,135138.2175,4.72
002317.SZ,1192642.4725,18.59
002318.SZ,1461250.0232,16.85
002319.SZ,316000.0,17.38
002320.SZ,1457722.3043,7.19
002322.SZ,343723.2934,10.51
002323.SZ,638259.0144,3.31
002324.SZ,930760.7108,15.27
002325.SZ,255268.9531,1.96
002326.SZ,1068719.0479,18.16
002327.SZ,434901.8167,9.88
002329.SZ,339652.7152,6.35
002330.SZ,379201.6929,6.57
002331.SZ,297823.4176,8.42
002333.SZ,248388.0161,6.39
002335.SZ,1609000.7873,44.55
002336.SZ,425046.325,12.53
002337.SZ,299290.2348,5.6
002338.SZ,756701.082,34.68
002339.SZ,351391.4489,8.09
002341.SZ,335884.5837,3.86
002342.SZ,373909.6875,4.68
002343.SZ,398007.8369,9.22
002344.SZ,666361.8478,5.72
002345.SZ,625596.8222,7.93
002346.SZ,488702.8336,13.62
002347.SZ,166001.6922,5.46
002348.SZ,404484.2479,5.01
002349.SZ,837242.8269,11.35
002350.SZ,381565.3128,7.93
002353.SZ,1690134.1954,26.95
002355.SZ,250357.4933,4.46
002356.SZ,626369.854,5.26
002357.SZ,199058.3941,6.99
002358.SZ,404051.6992,4.79
002360.SZ,221605.161,7.59
002361.SZ,315784.9096,4.37
002363.SZ,287109.2077,7.59
002364.SZ,413486.1959,8.67
002365.SZ,237675.1371,10.7
002367.SZ,443548.3991,9.02
002369.SZ,267694.2904,5.2
002370.SZ,229702.0185,4.71
002373.SZ,1850111.8088,14.82
002374.SZ,471332.7435,4.86
002375.SZ,669489.7345,5.53
002376.SZ,470291.2491,8.18
002377.SZ,229915.0603,2.76
002378.SZ,688659.5318,8.25
002379.SZ,377970.1212,4.49
002380.SZ,254566.3976,19.79
002381.SZ,236028.1448,8.06
002382.SZ,764153.1333,8.39
002383.SZ,411372.7842,7.38
002385.SZ,2289818.9075,7.65
002387.SZ,946252.781,7.59
002388.SZ,343246.5702,7.9
002389.SZ,1906343.9356,22.63
002390.SZ,858384.4895,5.16
002391.SZ,335362.3655,7.94
002392.SZ,324335.0264,4.04
002393.SZ,437891.9808,26.4
002394.SZ,262364.269,8.94
002395.SZ,233341.83,9.57
002396.SZ,1197474.4107,22.58
002397.SZ,222041.167,4.25
002398.SZ,364731.8107,6.9
002399.SZ,1505372.4567,13.28
002402.SZ,1240803.3899,17.02
002403.SZ,244749.1632,8.8
002404.SZ,290380.8472,6.92
002406.SZ,260510.0474,5.78
002407.SZ,1878590.0375,21.58
002408.SZ,1893277.3931,7.54
002409.SZ,2106385.9662,72.74
002412.SZ,334192.5875,7.45
002413.SZ,606515.5681,5.34
002416.SZ,1059790.5174,9.53
002418.SZ,331702.437,3.21
002419.SZ,750197.8483,7.06
002420.SZ,234888.5417,6.64
002421.SZ,665749.356,4.11
002423.SZ,2050653.9618,9.79
002424.SZ,974947.832,8.93
002428.SZ,715833.2351,12.22
002429.SZ,1978748.2751,4.85
002431.SZ,412701.5228,3.11
002434.SZ,1127753.303,9.46
002435.SZ,577225.4146,5.28
002436.SZ,2029930.7221,14.88
002438.SZ,529418.4328,12.42
002439.SZ,2245678.8616,34.1
002440.SZ,679792.2838,7.77
002442.SZ,236855.6627,5.4
002443.SZ,352498.8052,7.47
002444.SZ,2058052.6781,19.64
002448.SZ,288527.5321,6.69
002449.SZ,521186.7455,9.36
002451.SZ,270954.933,6.79
002452.SZ,338358.9939,7.27
002453.SZ,727501.4437,13.09
002454.SZ,479052.5074,8.42
002455.SZ,391251.5564,8.65
002456.SZ,1606601.9457,5.46
002457.SZ,292638.666,9.61
002458.SZ,937560.7852,15.25
002461.SZ,2025195.5592,10.07
002462.SZ,455573.0353,17.22
002465.SZ,2185647.0816,10.51
002468.SZ,1568139.9855,11.56
002469.SZ,403371.0724,7.17
002474.SZ,394086.5696,8.6
002476.SZ,287616.9465,5.17
002478.SZ,443175.3305,7.39
002479.SZ,412565.7421,5.27
002480.SZ,305686.5622,5.21
002481.SZ,561862.6916,5.62
002483.SZ,501937.203,6.24
002484.SZ,1521134.4883,21.12
002486.SZ,258752.0,3.42
002488.SZ,595916.2313,7.19
002489.SZ,724362.8223,4.24
002490.SZ,222604.7411,4.52
002491.SZ,685864.299,6.41
002492.SZ,238879.0452,6.6
002494.SZ,131340.8606,5.04
002495.SZ,179911.5956,2.77
002496.SZ,258948.4467,2.5
002498.SZ,1367313.156,4.52
002500.SZ,2146683.3851,6.58
002501.SZ,566579.041,1.76
002506.SZ,1778249.099,3.34
002507.SZ,2181015.3375,27.34
002508.SZ,2323687.5369,27.28
002510.SZ,340873.8072,4.03
002511.SZ,1562249.049,13.24
002512.SZ,400509.6412,4.2
002513.SZ,146557.5681,5.13
002514.SZ,489766.2894,9.72
002516.SZ,444087.5332,5.13
002520.SZ,341428.2406,6.01
002521.SZ,230821.4651,6.3
002522.SZ,451599.1815,5.8
002523.SZ,395641.0425,3.11
002524.SZ,351418.9458,7.59
002526.SZ,413813.1182,2.59
002527.SZ,382584.1448,8.02
002528.SZ,912495.0269,9.59
002529.SZ,339560.0,14.37
002530.SZ,537981.8725,8.97
002532.SZ,1617276.4552,7.7
002533.SZ,490253.1862,8.6
002534.SZ,1185527.9701,17.9
002536.SZ,491852.2575,11.48
002539.SZ,715835.5177,11.45
002540.SZ,488360.5192,6.14
002541.SZ,1515214.5945,33.62
002542.SZ,450126.113,3.11
002543.SZ,519443.1416,9.21
002544.SZ,1412614.7413,23.31
002545.SZ,907521.4575,8.83
002547.SZ,465891.5516,4.64
002549.SZ,718784.0618,12.74
002550.SZ,520110.4529,6.2
002551.SZ,249014.6539,4.49
002552.SZ,383814.1587,19.83
002553.SZ,238511.463,11.2
002554.SZ,361399.2778,4.58
002559.SZ,381980.4887,8.69
002560.SZ,351632.1796,8.54
002561.SZ,375578.901,9.89
002562.SZ,325554.8816,5.12
002563.SZ,1201240.0256,7.04
002565.SZ,383194.1176,3.99
002566.SZ,193891.6542,9.22
002567.SZ,856389.6847,7.78
002570.SZ,478436.4374,4.87
002571.SZ,175105.7324,6.46
002572.SZ,1144692.5737,19.71
002573.SZ,628072.2916,6.4
002574.SZ,333696.0,6.95
002575.SZ,314376.48,5.87
002576.SZ,269568.1137,18.32
002577.SZ,440986.535,17.15
002578.SZ,322935.9604,4.13
002579.SZ,513952.0432,9.71
002580.SZ,289592.8068,10.13
002582.SZ,266511.2117,8.62
002583.SZ,686807.9127,6.2
002584.SZ,204382.0263,5.53
002587.SZ,318600.5772,6.89
002588.SZ,447774.1364,6.84
002589.SZ,429665.7399,4.08
002591.SZ,132174.7823,6.71
002593.SZ,205368.7622,3.96
002595.SZ,1578284.8124,32.55
002596.SZ,338450.0058,3.52
002597.SZ,1474813.3965,29.12
002598.SZ,300587.5415,11.79
002605.SZ,1019656.0666,34.21
002606.SZ,384433.6403,10.07
002609.SZ,492847.7303,11.88
002612.SZ,707976.9065,28.15
002613.SZ,269925.857,5.12
002614.SZ,339018.6231,8.46
002616.SZ,240280.5681,5.62
002617.SZ,1378445.8462,8.1
002620.SZ,174340.507,6.09
002621.SZ,335344.5316,4.6
002622.SZ,276351.8573,3.62
002623.SZ,535324.3569,29.65
002626.SZ,1224568.3002,22.09
002627.SZ,370873.4074,5.85
002628.SZ,268683.8235,3.93
002629.SZ,127500.079,4.07
002630.SZ,252037.5231,2.7
002631.SZ,349080.7382,5.86
002632.SZ,403080.2273,7.54
002633.SZ,152108.2875,11.2
002634.SZ,304424.2566,9.04
002635.SZ,547131.1126,14.62
002636.SZ,621149.1037,9.45
002637.SZ,420673.6155,11.72
002638.SZ,319583.5738,3.18
002639.SZ,507456.6167,8.58
002640.SZ,599655.6818,4.75
002641.SZ,583069.1864,5.65
002642.SZ,437901.1916,7.96
002643.SZ,1547103.9537,19.0
002644.SZ,695004.177,14.97
002645.SZ,598541.9701,13.87
002646.SZ,675220.3882,15.72
002647.SZ,329242.7502,6.47
002649.SZ,721056.243,15.24
002650.SZ,453873.3038,4.33
002651.SZ,399212.8651,7.81
002652.SZ,133505.865,2.87
002653.SZ,1193126.2129,27.53
002654.SZ,463550.1207,6.5
002655.SZ,430435.4067,13.16
002657.SZ,508126.5844,18.8
002659.SZ,284733.0468,5.32
002660.SZ,226748.9162,9.7
002661.SZ,389243.0204,12.9
002662.SZ,490493.8197,3.6
002664.SZ,517627.2708,14.32
002666.SZ,213996.4234,5.24
002667.SZ,366245.3847,17.45
002668.SZ,765382.6682,7.77
002669.SZ,343001.3404,12.98
002670.SZ,1342510.9743,9.1
002671.SZ,193580.7759,4.65
002672.SZ,430497.651,6.97
002674.SZ,326130.4501,12.42
002675.SZ,1101476.0144,16.42
002676.SZ,279346.3556,4.27
002677.SZ,470950.9663,12.03
002678.SZ,815902.2432,6.61
002679.SZ,261217.648,12.19
002681.SZ,576809.2571,5.01
002683.SZ,1844815.8426,30.87
002685.SZ,296243.2688,4.0
002686.SZ,242870.8882,6.82
002687.SZ,192643.5944,5.27
002688.SZ,384446.543,5.52
002689.SZ,415277.8131,4.39
002690.SZ,1074789.5881,26.58
002691.SZ,194752.8825,6.31
002693.SZ,252901.2484,6.8
002694.SZ,270358.4232,5.52
002695.SZ,547008.4312,12.96
002696.SZ,215217.6829,6.83
002697.SZ,659570.76,6.73
002698.SZ,1164091.6927,15.93
002701.SZ,1244300.6091,5.32
002702.SZ,209296.01,5.96
002703.SZ,436917.6583,8.69
002705.SZ,1294505.7029,17.3
002706.SZ,1019406.7329,12.31
002707.SZ,600415.947,8.29
002708.SZ,227401.322,6.33
002713.SZ,326224.8883,8.87
002715.SZ,174846.0,13.94
002716.SZ,658681.9003,3.32
002717.SZ,479843.4772,3.64
002718.SZ,90914.3724,16.26
002719.SZ,152312.796,10.35
002722.SZ,240228.8193,15.06
002723.SZ,311803.8647,11.12
002724.SZ,206215.1475,9.34
002725.SZ,168951.6425,9.39
002726.SZ,900465.8201,9.2
002727.SZ,1128967.1116,31.13
002728.SZ,350513.9028,24.12
002729.SZ,317057.3674,19.88
002730.SZ,310388.8024,9.87
002731.SZ,307398.9079,14.14
002732.SZ,334627.6705,23.6
002733.SZ,600535.5747,18.08
002734.SZ,306223.2085,10.36
002735.SZ,258942.4171,20.85
002737.SZ,1535920.0,28.93
002743.SZ,251998.9672,6.38
002745.SZ,855588.4277,9.79
002746.SZ,616708.6413,9.56
002747.SZ,1864918.6726,26.16
002748.SZ,240240.0,11.01
002749.SZ,395570.2639,10.87
002750.SZ,378663.1897,10.46
002752.SZ,473052.1366,5.34
002753.SZ,176753.3404,8.01
002755.SZ,1002403.7021,11.88
002757.SZ,401519.1605,15.79
002758.SZ,263552.5748,13.64
002759.SZ,580260.5381,15.87
002761.SZ,1808000.6439,18.39
002762.SZ,200103.65,10.95
002763.SZ,161485.7797,9.55
002765.SZ,289217.8242,7.5
002766.SZ,388633.5686,5.71
002767.SZ,165220.189,13.97
002768.SZ,437273.5624,27.21
002769.SZ,284532.902,9.42
002771.SZ,206476.0374,13.45
002772.SZ,394949.7451,11.19
002773.SZ,1208651.6208,19.25
002774.SZ,201474.9773,7.87
002775.SZ,174073.6616,4.29
002777.SZ,1398186.0825,38.57
002778.SZ,170163.5012,15.0
002779.SZ,297507.5268,27.63
002780.SZ,159788.2937,13.45
002782.SZ,719920.4213,16.7
002783.SZ,284864.9194,9.12
002786.SZ,271761.6,6.05
002787.SZ,164946.2105,7.83
002788.SZ,377097.7371,10.93
002789.SZ,193773.4457,16.51
002790.SZ,217775.1919,9.19
002791.SZ,1115276.8996,74.81
002792.SZ,341171.7494,15.53
002793.SZ,709957.8536,7.48
002796.SZ,234849.6482,11.14
002798.SZ,202916.0597,7.62
002799.SZ,305418.9096,13.33
002801.SZ,262293.1155,24.92
002802.SZ,195966.0651,15.48
002803.SZ,610909.5991,24.06
002805.SZ,438028.0437,31.3
002806.SZ,162394.1782,11.98
002809.SZ,139038.0252,11.13
002810.SZ,615160.5517,21.38
002811.SZ,193796.8918,8.62
002813.SZ,361597.6107,33.7
002815.SZ,501910.0975,12.72
002817.SZ,247403.5186,9.38
002818.SZ,421878.7861,15.55
002820.SZ,198331.4797,10.89
002822.SZ,301214.0165,5.09
002823.SZ,159310.8981,10.3
002824.SZ,350579.9146,29.45
002825.SZ,221050.8035,13.3
002826.SZ,184762.4572,11.59
002827.SZ,311328.0,12.41
002828.SZ,159805.3925,9.08
002829.SZ,366283.0839,39.25
002830.SZ,80624.115,13.27
002831.SZ,1284750.7719,27.16
002832.SZ,1329084.6033,37.54
002833.SZ,444853.0976,19.16
002835.SZ,205560.3735,17.77
002836.SZ,183552.0,10.52
002837.SZ,1257976.2875,39.17
002840.SZ,749546.5491,17.82
002842.SZ,177116.9332,9.02
002843.SZ,339105.9533,17.62
002845.SZ,289739.606,14.23
002847.SZ,1494752.2231,142.57
002848.SZ,145292.056,9.91
002849.SZ,198116.365,20.01
002851.SZ,1342191.4307,35.97
002852.SZ,384350.1639,15.27
002853.SZ,198551.4655,19.09
002855.SZ,214365.0937,9.58
002856.SZ,107860.3173,11.09
002857.SZ,244480.0,21.01
002859.SZ,1035195.0906,28.51
002860.SZ,281099.2351,14.1
002861.SZ,114068.7527,11.44
002863.SZ,281357.9401,6.2
002864.SZ,278565.7905,47.41
002865.SZ,1772077.3593,100.5
002866.SZ,495546.5911,30.18
002867.SZ,1826912.0342,18.55
002868.SZ,512788.6778,37.13
002869.SZ,358276.4052,26.07
002871.SZ,130071.9074,12.08
002873.SZ,327263.3815,16.14
002875.SZ,168146.5281,15.08
002877.SZ,180946.0767,9.55
002878.SZ,331824.5572,18.7
002879.SZ,190107.6277,15.59
002880.SZ,696956.4,33.8
002881.SZ,442056.5053,30.14
002882.SZ,356884.4625,15.92
002883.SZ,152057.8988,13.53
002884.SZ,425969.6789,17.18
002885.SZ,467342.5717,34.71
002886.SZ,289081.5519,18.51
002887.SZ,151747.6221,10.09
002888.SZ,108953.1008,15.94
002889.SZ,213344.4783,26.13
002890.SZ,153002.5489,19.46
002891.SZ,628200.2123,23.5
002892.SZ,242396.5261,13.89
002893.SZ,187599.0751,10.24
002895.SZ,1108552.7054,24.57
002896.SZ,324867.0915,23.64
002897.SZ,566747.3702,39.46
002898.SZ,106741.2095,11.63
002899.SZ,158640.0,14.54
002900.SZ,213618.4592,14.22
002901.SZ,1150954.2188,36.11
002902.SZ,214815.9847,15.81
002905.SZ,339306.24,10.68
002906.SZ,1375445.1638,31.85
002907.SZ,462404.7167,16.83
002908.SZ,495791.7303,25.5
002909.SZ,266459.5155,8.11
002910.SZ,197063.3664,12.67
002911.SZ,1131961.0159,13.07
002912.SZ,725456.8332,49.19
002915.SZ,480789.711,19.48
002917.SZ,265272.304,11.37
002918.SZ,357942.1844,17.94
002919.SZ,583720.6349,37.94
002921.SZ,144167.2881,14.89
002922.SZ,402845.2774,15.82
002923.SZ,344184.1528,20.59
002925.SZ,1262719.9985,18.88
002926.SZ,2281125.0,9.56
002927.SZ,304508.4145,15.21
002928.SZ,1048028.8663,11.37
002929.SZ,628594.4221,42.96
002930.SZ,990778.4408,25.4
002931.SZ,183566.8627,11.18
002932.SZ,456301.5107,48.6
002933.SZ,324282.6644,31.46
002937.SZ,617328.7485,23.45
002940.SZ,354451.1372,30.51
002942.SZ,246496.3556,19.75
002943.SZ,260670.662,32.02
002946.SZ,1388933.8341,18.07
002948.SZ,1061262.1582,3.87
002949.SZ,269339.6449,19.87
002950.SZ,410892.9656,12.51
002951.SZ,375840.0,10.21
002952.SZ,200654.2572,16.9
002953.SZ,230788.2025,12.88
002955.SZ,457307.2601,27.08
002956.SZ,369334.784,18.3
002957.SZ,619829.9288,16.6
002959.SZ,1265306.2737,89.3
002960.SZ,1054970.1888,26.4
002961.SZ,673774.3466,16.65
002962.SZ,223711.7121,12.03
002963.SZ,172560.6493,15.43
002967.SZ,1060087.8208,22.64
002968.SZ,389556.8588,20.63
002969.SZ,207171.8408,4.31
002970.SZ,300426.7725,30.67
002972.SZ,152370.1937,19.07
002973.SZ,246836.8922,13.27
002975.SZ,229280.5252,35.87
002976.SZ,289320.0,26.52
002977.SZ,198329.144,40.05
002979.SZ,397701.1938,20.49
002981.SZ,228288.0,26.16
002982.SZ,239964.7115,40.06
002983.SZ,237928.1439,24.83
002984.SZ,798364.7342,30.09
002985.SZ,871491.2145,45.65
002986.SZ,395088.3083,29.12
002987.SZ,1044439.6147,37.57
002989.SZ,145491.8955,17.05
002990.SZ,229705.2275,39.02
002993.SZ,289569.126,31.42
002995.SZ,144911.5151,27.6
002996.SZ,149873.6943,13.11
002997.SZ,290441.1968,27.91
002998.SZ,102303.6722,7.4
002999.SZ,168337.2922,8.5
003000.SZ,324932.3767,15.82
003001.SZ,78490.1442,17.5
003002.SZ,135841.131,19.09
003003.SZ,90611.1736,10.89
003005.SZ,175182.2873,37.75
003006.SZ,388112.04,19.8
003007.SZ,93065.2411,26.59
003008.SZ,92927.4804,29.43
003009.SZ,215006.8415,53.74
003010.SZ,133545.0415,20.49
003011.SZ,143009.8645,28.46
003012.SZ,531445.6211,9.1
003013.SZ,114031.861,20.83
003015.SZ,162967.7723,9.3
003016.SZ,159459.3302,11.9
003017.SZ,130573.0272,33.88
003018.SZ,71342.898,10.34
003019.SZ,213068.8701,22.97
003020.SZ,243166.3197,52.58
003022.SZ,801703.344,28.75
003023.SZ,100659.1686,21.54
003025.SZ,156587.6718,22.21
003026.SZ,217772.1847,43.02
003027.SZ,141555.8614,23.34
003028.SZ,108803.9044,42.71
003029.SZ,362179.7725,35.11
003030.SZ,123589.9169,27.01
003032.SZ,261130.6815,16.5
003033.SZ,73921.622,33.76
003035.SZ,1047078.7872,7.04
003036.SZ,70655.9875,13.71
003037.SZ,111956.5471,13.53
003038.SZ,226547.6747,36.58
003039.SZ,203013.5356,18.23
003040.SZ,416886.4854,21.18
003041.SZ,70138.497,20.21
003042.SZ,141331.8709,22.83
003043.SZ,153066.2259,58.87
300004.SZ,259311.6672,6.52
300005.SZ,726403.1969,9.86
300006.SZ,298060.0677,4.4
300007.SZ,416526.0405,17.72
300008.SZ,656907.0626,5.51
300009.SZ,1181519.1769,12.23
300010.SZ,199795.8779,2.94
300011.SZ,357565.4887,8.57
300013.SZ,173498.7127,4.67
300016.SZ,325154.922,7.94
300018.SZ,241326.4685,7.46
300019.SZ,557323.5332,19.96
300020.SZ,612197.0638,11.71
300021.SZ,363814.1847,6.23
300022.SZ,146377.1505,5.62
300025.SZ,416960.2368,11.68
300026.SZ,1554584.0542,6.9
300030.SZ,186276.5275,8.33
300032.SZ,482704.0329,7.21
300034.SZ,1667873.343,44.17
300035.SZ,797355.3872,15.06
300036.SZ,882693.2732,24.48
300039.SZ,671837.2845,8.8
300040.SZ,272853.2896,7.09
300041.SZ,652928.0886,18.68
300043.SZ,396667.5313,5.08
300044.SZ,254991.7991,4.57
300045.SZ,419842.5287,10.22
300046.SZ,403759.0503,20.48
300047.SZ,437850.6784,9.82
300049.SZ,629116.9475,32.72
300050.SZ,207340.1211,4.88
300051.SZ,387567.5509,12.72
300052.SZ,542542.0554,24.92
300055.SZ,513164.4754,9.86
300056.SZ,240863.3238,7.5
300061.SZ,403079.3998,8.53
300063.SZ,316074.642,6.12
300067.SZ,228943.4899,3.55
300069.SZ,157716.0,16.18
300071.SZ,379842.073,5.12
300074.SZ,213281.5221,4.82
300076.SZ,208184.0,5.89
300077.SZ,838185.145,18.12
300078.SZ,414812.6031,5.95
300079.SZ,861536.1755,8.16
300080.SZ,643889.8632,6.32
300081.SZ,387666.7613,9.46
300082.SZ,541651.3093,9.59
300084.SZ,198510.813,7.22
300085.SZ,751107.1075,17.1
300086.SZ,261397.8666,7.2
300087.SZ,976536.5241,13.08
300088.SZ,1507140.2859,7.4
300091.SZ,325633.3346,3.65
300092.SZ,260025.1607,18.62
300093.SZ,664507.5314,37.03
300094.SZ,444865.3378,6.06
300095.SZ,296007.2671,10.66
300096.SZ,247750.6397,7.9
300097.SZ,148780.4403,6.61
300098.SZ,535393.3073,4.22
300099.SZ,330657.1039,7.79
300100.SZ,280410.0411,8.82
300101.SZ,1233344.0004,26.32
300102.SZ,556849.6793,7.42
300103.SZ,159294.7441,7.79
300105.SZ,348985.197,8.16
300106.SZ,169277.1803,9.61
300107.SZ,163684.735,5.82
300110.SZ,493412.6787,5.02
300111.SZ,361695.4,3.88
300112.SZ,199955.9969,10.99
300117.SZ,235814.04,3.95
300119.SZ,647750.125,24.06
300120.SZ,285960.5586,8.5
300121.SZ,364868.4235,11.22
300123.SZ,700211.9755,8.51
300125.SZ,410573.4846,18.7
300126.SZ,121341.6167,6.91
300127.SZ,383282.2829,20.14
300128.SZ,383674.7522,4.21
300131.SZ,533702.5906,6.23
300132.SZ,288326.0962,7.03
300133.SZ,1305874.1448,9.62
300134.SZ,626215.4273,10.55
300135.SZ,179571.6339,3.04
300136.SZ,1520503.2555,22.13
300137.SZ,275944.6978,7.04
300138.SZ,775230.5029,21.78
300139.SZ,225006.6112,11.56
300141.SZ,180396.7932,11.02
300143.SZ,642452.3724,14.12
300145.SZ,537781.6011,3.41
300147.SZ,356300.5248,6.5
300149.SZ,416090.3495,10.01
300150.SZ,234718.6753,5.47
300151.SZ,552644.7574,20.38
300153.SZ,265324.2376,10.03
300154.SZ,225835.9142,8.48
300155.SZ,155550.0306,5.65
300157.SZ,235179.6143,4.04
300158.SZ,601122.1928,7.04
300160.SZ,407657.6236,8.05
300161.SZ,642383.888,45.72
300162.SZ,169955.6895,7.72
300163.SZ,151086.2793,3.83
300164.SZ,212437.1687,5.26
300169.SZ,121901.2559,4.85
300170.SZ,960078.8402,12.42
300171.SZ,1019407.2479,28.16
300172.SZ,225634.8749,5.54
300173.SZ,298175.8892,5.05
300174.SZ,564924.6373,18.71
300175.SZ,158659.6,4.04
300176.SZ,233143.0416,7.22
300177.SZ,395884.9114,7.84
300179.SZ,349347.2199,11.15
300181.SZ,602133.9327,14.22
300183.SZ,509885.3862,18.24
300187.SZ,376305.9731,7.01
300189.SZ,322621.6656,4.02
300190.SZ,320555.8989,4.96
300191.SZ,389523.9,21.24
300192.SZ,330464.7016,18.4
300193.SZ,309912.4118,8.6
300195.SZ,181181.5741,6.94
300196.SZ,344906.3506,16.8
300199.SZ,666699.8468,12.01
300200.SZ,341081.2215,9.71
300204.SZ,490034.1607,12.53
300205.SZ,595535.7228,16.78
300206.SZ,523253.3059,18.44
300208.SZ,606940.3378,10.6
300210.SZ,146057.6812,3.62
300211.SZ,242512.4347,9.77
300213.SZ,412488.0516,8.99
300214.SZ,249402.4506,7.42
300215.SZ,349173.996,5.99
300218.SZ,190539.5031,10.57
300219.SZ,497480.8193,8.45
300221.SZ,227076.7,6.1
300224.SZ,1001923.8109,14.76
300225.SZ,325160.4314,8.23
300226.SZ,1095434.3585,50.96
300227.SZ,290084.9994,8.54
300228.SZ,307278.9798,6.79
300230.SZ,225914.9903,4.28
300231.SZ,303728.5716,10.61
300232.SZ,804616.9526,11.03
300234.SZ,186715.8423,6.58
300236.SZ,1065230.0112,45.91
300237.SZ,284814.0514,2.38
300238.SZ,330091.9321,14.94
300239.SZ,325414.2345,7.6
300240.SZ,223677.743,7.4
300241.SZ,268661.2992,5.68
300242.SZ,248411.1366,4.75
300243.SZ,159216.9767,10.12
300244.SZ,1299257.8106,31.0
300245.SZ,282615.4347,10.91
300246.SZ,220120.7915,19.06
300247.SZ,281949.6349,4.21
300248.SZ,397082.0167,11.77
300249.SZ,361421.9084,11.77
300250.SZ,242071.5961,18.24
300254.SZ,135786.4485,7.27
300255.SZ,470816.6111,6.06
300257.SZ,1477965.0782,18.59
300258.SZ,444221.3054,11.5
300259.SZ,304300.6065,4.5
300260.SZ,986683.8894,77.38
300261.SZ,920211.9482,11.78
300262.SZ,181051.9412,3.25
300264.SZ,226377.5699,7.62
300265.SZ,350058.865,11.52
300267.SZ,475846.3166,4.02
300269.SZ,189766.7267,4.33
300270.SZ,160202.8247,8.6
300271.SZ,734474.2685,10.99
300272.SZ,214599.444,6.26
300275.SZ,318653.8524,26.03
300276.SZ,337453.7329,4.12
300277.SZ,253167.1436,9.08
300278.SZ,497417.9187,4.62
300279.SZ,220083.2396,6.12
300281.SZ,197868.3042,5.98
300283.SZ,163478.6584,6.32
300284.SZ,593909.054,8.18
300285.SZ,2313250.2317,34.56
300286.SZ,590983.8716,40.61
300287.SZ,481597.0943,4.5
300289.SZ,235220.4626,6.76
300290.SZ,303986.1278,5.71
300293.SZ,287904.9868,12.32
300294.SZ,1570441.381,44.24
300295.SZ,208430.4883,14.93
300296.SZ,1326900.3433,7.72
300298.SZ,1219871.1705,32.15
300299.SZ,467850.1781,8.68
300300.SZ,305437.7281,5.46
300302.SZ,377780.5016,12.36
300303.SZ,681894.3005,6.53
300304.SZ,404201.5566,5.71
300305.SZ,247949.5949,12.79
300306.SZ,189381.43,15.0
300307.SZ,419840.104,6.53
300310.SZ,302977.3878,5.26
300311.SZ,345016.6377,7.7
300314.SZ,370945.7554,23.51
300317.SZ,463319.4149,6.73
300318.SZ,448553.5148,6.76
300319.SZ,679400.1447,9.91
300320.SZ,402324.7459,9.74
300321.SZ,133298.6776,18.74
300322.SZ,336252.6186,9.12
300323.SZ,605080.0461,7.87
300324.SZ,538052.0572,3.78
300326.SZ,497394.9793,8.33
300327.SZ,1054279.5706,37.39
300328.SZ,421052.9636,7.42
300329.SZ,172211.9144,8.2
300331.SZ,457207.8079,27.3
300332.SZ,981268.9838,13.96
300333.SZ,216325.1234,7.78
300334.SZ,220481.7255,8.76
300335.SZ,198181.2922,5.98
300337.SZ,479964.0945,8.11
300339.SZ,1785165.942,27.77
300340.SZ,229502.9622,14.72
300341.SZ,612995.6678,14.34
300342.SZ,406674.7698,11.72
300344.SZ,342617.3056,6.43
300345.SZ,404667.9579,11.0
300346.SZ,1721289.5551,40.24
300348.SZ,690925.3056,13.54
300349.SZ,459800.854,14.47
300350.SZ,207001.3879,5.32
300353.SZ,463506.7504,12.67
300354.SZ,319717.5854,48.01
300357.SZ,2056106.7075,52.54
300358.SZ,790906.4083,18.36
300363.SZ,1637981.6343,39.32
300365.SZ,309862.9937,8.56
300366.SZ,578437.8656,14.0
300368.SZ,345591.1716,7.99
300369.SZ,867529.0029,14.17
300371.SZ,166612.4238,18.14
300373.SZ,2247988.1216,49.92
300374.SZ,383611.2175,24.32
300375.SZ,183863.2159,4.37
300377.SZ,560109.1499,10.06
300378.SZ,529003.6502,23.88
300379.SZ,1137119.5238,31.52
300380.SZ,221396.1226,21.32
300381.SZ,404658.4608,10.19
300382.SZ,806298.4794,15.44
300383.SZ,2114822.7199,14.15
300384.SZ,383699.3636,20.93
300385.SZ,177552.7027,7.42
300387.SZ,194692.8069,8.1
300388.SZ,514039.6956,8.84
300389.SZ,301002.4193,21.52
300390.SZ,1809522.4243,40.28
300391.SZ,250969.8121,8.7
300394.SZ,1842003.4005,61.67
300395.SZ,2117921.2703,53.26
300396.SZ,900974.2825,42.53
300397.SZ,411816.947,12.34
300398.SZ,913433.8801,20.86
300399.SZ,291593.4417,17.98
300400.SZ,362929.6599,18.07
300401.SZ,655006.0581,14.5
300402.SZ,395314.0,23.48
300403.SZ,275300.8893,8.42
300404.SZ,253587.0298,11.28
300405.SZ,113790.0967,6.24
300406.SZ,736947.2224,26.18
300407.SZ,203776.3126,11.24
300409.SZ,617666.8056,15.5
300410.SZ,284394.173,9.29
300411.SZ,174031.141,7.73
300412.SZ,238116.3856,6.05
300414.SZ,267373.1432,10.31
300415.SZ,782682.5201,22.27
300416.SZ,1032235.6619,31.87
300417.SZ,84924.1364,11.87
300419.SZ,239775.458,7.82
300420.SZ,306727.6243,3.61
300421.SZ,217748.8539,13.78
300422.SZ,251929.9991,7.62
300423.SZ,345478.6228,13.12
300424.SZ,317920.6901,15.95
300425.SZ,339169.1244,6.05
300428.SZ,1196186.6434,28.0
300429.SZ,305832.2982,9.77
300430.SZ,403383.8602,18.85
300432.SZ,1206294.8038,12.18
300434.SZ,499874.2624,18.07
300435.SZ,494589.9829,17.42
300436.SZ,388174.0027,34.96
300437.SZ,244489.5709,16.5
300439.SZ,327553.8139,14.17
300440.SZ,303681.5398,8.22
300441.SZ,349942.584,6.64
300442.SZ,369271.4125,67.26
300443.SZ,735174.6159,47.84
300445.SZ,183403.055,15.92
300446.SZ,233790.8142,14.18
300447.SZ,318618.1171,19.14
300448.SZ,283202.7026,7.12
300449.SZ,202799.0169,8.22
300451.SZ,1262326.598,11.16
300452.SZ,316926.6242,20.4
300453.SZ,259776.0023,8.69
300455.SZ,661853.3552,11.21
300457.SZ,1001655.1729,21.72
300458.SZ,1278522.8129,30.23
300460.SZ,248792.5664,10.63
300461.SZ,165336.1263,24.88
300462.SZ,152968.592,13.44
300463.SZ,801475.9489,19.42
300464.SZ,190290.9688,7.31
300465.SZ,499926.9656,13.43
300466.SZ,251571.7679,7.19
300467.SZ,307792.1041,22.72
300468.SZ,662941.2671,15.04
300470.SZ,835646.7679,50.56
300471.SZ,439424.722,15.64
300472.SZ,249346.8523,11.9
300473.SZ,239884.0209,19.25
300477.SZ,422014.4119,5.46
300478.SZ,117584.8482,11.38
300480.SZ,481156.4861,23.53
300481.SZ,610841.5213,25.01
300482.SZ,954760.3047,34.46
300483.SZ,312495.7253,14.34
300484.SZ,206622.8514,15.48
300485.SZ,285118.6895,12.66
300486.SZ,318115.1266,9.88
300487.SZ,1818333.9766,108.48
300488.SZ,282688.6164,24.82
300489.SZ,229143.33,20.3
300490.SZ,470138.7707,17.46
300492.SZ,697936.783,59.62
300493.SZ,401391.3113,9.66
300500.SZ,322388.198,23.54
300501.SZ,189723.3111,18.23
300503.SZ,186537.2081,10.28
300504.SZ,362602.3628,20.35
300505.SZ,289661.7368,21.07
300506.SZ,362588.7822,7.67
300507.SZ,275126.7434,6.94
300508.SZ,167672.55,35.53
300509.SZ,163337.3125,8.0
300511.SZ,308199.5345,9.06
300512.SZ,256596.7701,9.43
300513.SZ,365328.6398,16.22
300514.SZ,182634.512,14.23
300515.SZ,247188.7233,16.44
300516.SZ,674460.0,44.96
300517.SZ,153133.4817,14.82
300518.SZ,435383.8982,38.27
300519.SZ,182674.1,19.21
300521.SZ,187486.7696,15.62
300523.SZ,535996.3562,27.74
300525.SZ,949169.2737,23.02
300527.SZ,869802.1893,10.84
300528.SZ,410986.6836,13.24
300529.SZ,1484012.2937,34.58
300530.SZ,250414.4253,25.46
300531.SZ,420805.2815,16.01
300532.SZ,388539.2545,22.07
300534.SZ,309623.7806,12.35
300535.SZ,116778.0592,15.95
300537.SZ,191263.6845,16.75
300538.SZ,172362.3271,18.52
300539.SZ,207871.1466,14.62
300540.SZ,225152.5288,24.88
300541.SZ,329806.2974,15.53
300542.SZ,308414.244,15.29
300543.SZ,178009.6062,10.1
300545.SZ,267951.7705,28.73
300546.SZ,229175.1119,28.15
300547.SZ,272014.8677,18.48
300548.SZ,573280.5735,31.67
300549.SZ,131067.9135,15.56
300550.SZ,443470.3368,20.4
300552.SZ,219035.0837,20.88
300553.SZ,234113.9175,68.18
300554.SZ,139167.7818,21.82
300557.SZ,201407.618,37.21
300560.SZ,264721.9069,18.6
300561.SZ,225217.7691,14.92
300562.SZ,140228.4552,10.96
300563.SZ,146618.9506,14.33
300564.SZ,140160.16,15.46
300565.SZ,306350.9782,19.52
300566.SZ,387067.112,20.35
300568.SZ,1991229.9594,20.8
300570.SZ,467132.9751,28.92
300571.SZ,383762.9965,39.84
300572.SZ,310635.6861,20.3
300575.SZ,377645.1697,20.18
300576.SZ,468225.9966,43.87
300577.SZ,207086.5485,18.55
300579.SZ,859722.2927,39.4
300580.SZ,460178.2506,29.6
300581.SZ,547197.202,20.29
300582.SZ,276595.4939,15.1
300583.SZ,263264.183,30.26
300584.SZ,135826.6811,28.09
300585.SZ,262346.4375,19.73
300586.SZ,558070.1499,12.55
300587.SZ,808058.0137,10.43
300588.SZ,156319.2775,12.98
300589.SZ,326062.7996,17.8
300590.SZ,376916.6048,13.38
300591.SZ,185418.8005,7.22
300592.SZ,410000.0639,31.1
300593.SZ,938389.1654,32.92
300594.SZ,200017.0843,26.52
300595.SZ,2064209.6699,37.07
300596.SZ,813674.9677,46.73
300597.SZ,188832.6766,10.33
300598.SZ,679521.5715,50.94
300599.SZ,159938.9587,9.26
300600.SZ,287260.4964,14.09
300602.SZ,448024.9175,17.0
300603.SZ,294275.101,13.94
300604.SZ,1867547.2371,49.62
300605.SZ,160882.7283,17.14
300606.SZ,196368.9365,20.28
300607.SZ,342670.2051,14.41
300608.SZ,193990.4122,11.9
300609.SZ,240098.6369,28.34
300610.SZ,180690.9714,13.49
300611.SZ,123266.0528,10.07
300612.SZ,357839.9438,27.0
300614.SZ,217436.9308,29.32
300615.SZ,205607.4243,19.18
300617.SZ,365033.1164,42.01
300618.SZ,922249.461,40.6
300621.SZ,204245.9141,12.52
300622.SZ,275592.3688,28.92
300623.SZ,1232070.5242,23.04
300625.SZ,219378.197,16.56
300626.SZ,149465.1645,10.12
300627.SZ,1158230.7489,32.89
300629.SZ,347139.1575,28.51
300630.SZ,645407.8713,24.05
300631.SZ,380648.1661,37.86
300635.SZ,144317.7524,14.93
300636.SZ,367581.0095,15.23
300637.SZ,162771.8287,8.34
300638.SZ,989698.6158,29.16
300639.SZ,606840.6354,16.86
300640.SZ,125997.3454,6.85
300641.SZ,250677.5388,6.14
300642.SZ,286155.0753,24.94
300643.SZ,257645.6788,13.48
300644.SZ,130215.2876,18.38
300647.SZ,295420.8295,7.99
300648.SZ,304563.308,38.36
300649.SZ,197335.0267,22.54
300650.SZ,188030.4169,15.1
300651.SZ,161180.3479,25.44
300652.SZ,187036.2401,24.37
300653.SZ,769140.0,51.28
300654.SZ,619900.0601,23.29
300655.SZ,1173495.9777,25.4
300656.SZ,387915.9702,40.2
300659.SZ,356598.8321,27.82
300660.SZ,698535.805,31.99
300662.SZ,733698.8116,44.86
300663.SZ,562133.0892,16.87
300665.SZ,117019.8032,9.41
300666.SZ,1309060.3387,75.52
300667.SZ,258088.3612,19.52
300669.SZ,231823.3261,15.5
300670.SZ,153860.9399,8.7
300671.SZ,909957.17,50.32
300672.SZ,1641975.7552,113.05
300674.SZ,1314388.1554,22.43
300675.SZ,238040.0541,19.48
300676.SZ,2457324.1745,71.76
300680.SZ,339614.1485,23.56
300681.SZ,331137.5521,34.5
300683.SZ,381354.3674,40.46
300684.SZ,401044.8673,26.45
300685.SZ,1051119.6512,31.73
300686.SZ,181630.1416,10.98
300687.SZ,883108.6132,33.49
300689.SZ,183777.2533,22.39
300690.SZ,157198.2336,17.23
300691.SZ,281775.5223,17.09
300694.SZ,202203.1693,11.66
300695.SZ,317482.1071,53.71
300696.SZ,399876.0565,27.05
300697.SZ,167305.4622,13.33
300698.SZ,278405.3346,27.04
300700.SZ,253663.825,17.71
300701.SZ,221573.2674,11.04
300702.SZ,542999.2755,31.13
300703.SZ,155121.1357,11.12
300705.SZ,536092.3583,30.14
300706.SZ,264381.2816,28.54
300707.SZ,167096.3004,16.21
300708.SZ,359301.1719,11.39
300709.SZ,322770.9251,26.02
300710.SZ,158751.9975,28.81
300711.SZ,287266.73,16.69
300712.SZ,655669.593,42.6
300715.SZ,402189.8105,17.3
300716.SZ,237949.74,17.84
300717.SZ,154002.3408,18.14
300718.SZ,313435.3217,20.3
300719.SZ,216651.5214,14.35
300720.SZ,187999.3209,13.09
300721.SZ,211533.2657,18.49
300722.SZ,540443.904,33.74
300723.SZ,596055.5271,54.11
300725.SZ,897012.2516,63.9
300726.SZ,849590.1042,47.74
300727.SZ,309921.1323,32.84
300729.SZ,405177.7402,23.2
300730.SZ,253948.2097,15.61
300731.SZ,198849.8868,19.86
300732.SZ,362444.4679,13.49
300733.SZ,273918.7599,26.7
300735.SZ,754204.9371,12.02
300736.SZ,142981.5701,13.38
300737.SZ,928846.4652,12.46
300738.SZ,874687.2251,15.34
300739.SZ,377008.9933,15.55
300740.SZ,527190.5066,17.77
300743.SZ,147750.0841,17.53
300745.SZ,433119.5407,52.42
300746.SZ,238160.0191,12.92
300747.SZ,1425282.1646,33.71
300748.SZ,1948492.263,33.1
300749.SZ,126912.4928,9.78
300752.SZ,204388.9628,18.43
300753.SZ,106879.4099,17.22
300755.SZ,1097423.8382,31.62
300756.SZ,161237.097,21.0
300757.SZ,635960.0,73.38
300758.SZ,318615.4181,12.11
300761.SZ,1163903.4234,43.43
300762.SZ,738487.7479,14.11
300765.SZ,1375920.0,16.8
300767.SZ,672426.6561,38.54
300768.SZ,672272.5682,20.86
300769.SZ,2413940.4086,186.68
300771.SZ,170456.7287,12.4
300772.SZ,903621.4302,15.86
300774.SZ,127501.3008,12.37
300775.SZ,1694164.209,42.3
300776.SZ,1011051.0643,116.16
300777.SZ,1970910.936,58.58
300778.SZ,361489.1178,28.32
300779.SZ,340725.0047,43.33
300780.SZ,106347.0728,14.78
300781.SZ,213466.2149,31.58
300783.SZ,585459.66,25.02
300786.SZ,229960.6273,20.12
300787.SZ,219069.9482,33.74
300789.SZ,136932.0378,28.84
300790.SZ,338315.6161,16.52
300791.SZ,487793.1201,38.34
300792.SZ,649966.0935,37.52
300793.SZ,613219.5462,22.31
300795.SZ,360548.2494,75.12
300796.SZ,429037.7319,14.26
300797.SZ,416976.0,20.16
300798.SZ,203515.8323,7.68
300800.SZ,210070.0906,14.99
300801.SZ,240964.7754,21.38
300802.SZ,390982.0496,24.59
300805.SZ,257521.317,11.29
300806.SZ,388283.4596,27.18
300807.SZ,109485.3963,27.01
300808.SZ,112636.584,15.98
300809.SZ,224451.8809,22.78
300810.SZ,236331.2767,24.88
300811.SZ,787920.1037,109.64
300812.SZ,135613.9586,20.69
300813.SZ,162607.2802,33.14
300814.SZ,90823.248,21.46
300815.SZ,678636.0,25.2
300816.SZ,139043.7748,35.14
300817.SZ,197552.425,17.95
300818.SZ,143936.9497,27.8
300819.SZ,182198.562,16.22
300820.SZ,749642.2423,128.71
300821.SZ,1220400.0,12.2
300822.SZ,250343.4331,20.27
300823.SZ,169154.8365,21.7
300824.SZ,151845.0908,12.54
300826.SZ,191618.1993,16.54
300827.SZ,871491.4792,61.7
300828.SZ,171705.9338,16.81
300829.SZ,247586.1325,25.42
300830.SZ,256605.1781,9.92
300831.SZ,234663.9533,15.26
300832.SZ,1461535.7518,61.62
300833.SZ,208922.62,118.92
300834.SZ,148788.9357,29.08
300835.SZ,199252.3215,34.91
300836.SZ,100252.4874,31.12
300837.SZ,134330.0,48.48
300838.SZ,88351.068,20.12
300839.SZ,142099.5553,21.42
300840.SZ,199527.3723,15.52
300841.SZ,777496.5652,101.75
300842.SZ,462237.5389,79.51
300843.SZ,89693.484,22.3
300844.SZ,51922.48,37.18
300845.SZ,168684.3336,30.88
300848.SZ,231374.952,40.03
300849.SZ,98268.8881,13.31
300850.SZ,800193.9138,48.16
300851.SZ,78360.6624,27.17
300852.SZ,126684.0962,42.71
300853.SZ,296372.0966,38.2
300854.SZ,72910.6875,18.9
300855.SZ,761570.9269,54.25
300856.SZ,395755.8,80.52
300857.SZ,421247.6601,35.66
300858.SZ,139546.6281,31.08
300860.SZ,220188.696,63.0
300861.SZ,1048568.1637,52.01
300862.SZ,212600.8932,29.71
300863.SZ,200667.4266,108.76
300864.SZ,93140.28,28.84
300865.SZ,49798.7322,21.85
300866.SZ,1052781.9532,83.53
300867.SZ,270459.7044,21.18
300868.SZ,100827.8379,19.98
300869.SZ,409392.6805,29.77
300870.SZ,253033.9913,77.66
300871.SZ,145514.9516,21.05
300872.SZ,417979.115,19.57
300873.SZ,239065.8865,26.69
300875.SZ,153676.4364,39.96
300876.SZ,69355.68,29.39
300877.SZ,90821.5211,19.19
300878.SZ,90126.1792,27.16
300879.SZ,89210.0,19.46
300880.SZ,134840.471,19.01
300881.SZ,91531.0,41.45
300882.SZ,121664.8118,25.34
300883.SZ,141526.1783,7.18
300884.SZ,188481.5894,15.6
300885.SZ,78914.22,10.42
300886.SZ,74176.6077,26.86
300887.SZ,355027.0682,41.77
300888.SZ,802382.2115,70.8
300889.SZ,120973.6759,16.33
300890.SZ,335493.8656,47.02
300891.SZ,225874.88,11.75
300892.SZ,66823.75,26.18
300893.SZ,133031.25,28.38
300894.SZ,330418.036,31.2
300895.SZ,202878.86,40.48
300897.SZ,87548.5818,35.56
300898.SZ,108597.4929,24.5
300899.SZ,71430.741,26.94
300900.SZ,365725.4174,33.1
300901.SZ,126534.72,12.48
300902.SZ,171189.303,38.71
300903.SZ,241697.8331,10.54
300905.SZ,76185.7076,19.1
300906.SZ,70938.7825,26.41
300907.SZ,69112.395,22.44
300908.SZ,172590.5138,53.53
300909.SZ,160027.2645,31.69
300910.SZ,1001824.5122,131.52
300911.SZ,150751.5781,43.06
300913.SZ,129543.75,33.84
300915.SZ,92693.3625,44.82
300916.SZ,105187.6164,48.47
300917.SZ,208736.125,28.92
300918.SZ,136401.795,15.1
300919.SZ,1375375.6497,72.2
300920.SZ,79313.9531,19.22
300921.SZ,126713.6808,24.71
300922.SZ,158256.5816,22.14
300923.SZ,66501.8795,25.18
300925.SZ,285064.0708,17.09
300926.SZ,121784.208,37.44
300927.SZ,134840.3881,18.97
300928.SZ,153437.4694,43.02
300929.SZ,110187.3465,13.86
300930.SZ,73160.0,29.76
300931.SZ,72587.885,8.34
300932.SZ,133227.0475,17.63
300933.SZ,179824.6571,9.19
300935.SZ,124395.8477,37.44
300936.SZ,76303.2888,34.48
300937.SZ,121936.9522,35.59
300938.SZ,203231.9194,46.92
300939.SZ,207032.664,37.7
300940.SZ,133213.1163,21.1
300941.SZ,180294.309,25.39
300942.SZ,136194.4228,15.68
300943.SZ,161295.1335,19.61
300945.SZ,106355.7541,16.68
300946.SZ,100355.094,35.27
300947.SZ,130838.3284,16.48
300948.SZ,99822.78,17.2
300950.SZ,110820.0,22.16
300951.SZ,279414.0,58.82
300952.SZ,82439.1762,22.06
300953.SZ,343627.62,90.47
300955.SZ,93761.1369,25.08
300956.SZ,78096.4294,16.44
300957.SZ,2310025.5731,127.51
300958.SZ,140853.8684,21.96
300959.SZ,127808.3238,41.26
300960.SZ,45798.4,21.47
300962.SZ,212666.5459,21.11
300963.SZ,122594.004,21.89
300964.SZ,143417.5702,52.3
300965.SZ,69395.04,50.69
300966.SZ,134834.3091,27.38
300967.SZ,163653.264,18.79
300968.SZ,132268.0715,9.17
300969.SZ,118800.0,71.28
300970.SZ,151577.0021,26.62
300971.SZ,130143.0,28.2
300972.SZ,283926.72,45.54
300973.SZ,633017.6325,106.92
300975.SZ,199719.198,7.4
300976.SZ,166436.1902,53.62
300977.SZ,66068.4259,30.96
300978.SZ,164192.5769,14.93
300979.SZ,627986.5277,51.59
300980.SZ,91209.6062,21.46
300981.SZ,221033.7458,28.07
300982.SZ,190202.1675,64.2
300983.SZ,100640.0,37.74
300984.SZ,66725.423,26.94
300985.SZ,84402.4882,27.88
300986.SZ,219531.8447,37.63
300987.SZ,223256.488,28.09
300988.SZ,96277.4082,23.28
300989.SZ,68850.0,30.6
300990.SZ,189540.0,97.2
300991.SZ,79824.096,14.65
300992.SZ,79664.1548,21.96
300993.SZ,105352.893,16.52
300994.SZ,119573.84,22.12
300995.SZ,53154.86,21.91
300996.SZ,372659.0235,52.43
300997.SZ,131130.0,17.48
300998.SZ,116018.8474,39.78
300999.SZ,2319816.3397,51.3
301000.SZ,114048.891,35.64
301001.SZ,91572.8,31.94
301002.SZ,107558.1254,23.04
301003.SZ,152004.6492,26.17
301004.SZ,67275.0,32.29
301005.SZ,95050.0163,25.73
301006.SZ,164083.7822,30.73
301007.SZ,140047.5808,13.6
301008.SZ,59884.92,29.16
301009.SZ,115940.2853,14.32
301011.SZ,189348.1476,38.44
301012.SZ,168564.3,37.67
301013.SZ,184030.2008,13.3
301015.SZ,294161.875,29.82
301017.SZ,193351.7,21.23
301018.SZ,310990.38,43.7
301019.SZ,111129.8652,23.74
301020.SZ,143583.103,23.63
301021.SZ,159792.0249,27.41
301022.SZ,94788.1223,34.86
301023.SZ,86076.6908,44.68
301024.SZ,43811.625,29.64
301025.SZ,158309.0256,19.82
301026.SZ,226774.0527,48.82
301027.SZ,128766.5363,15.37
301028.SZ,105066.5904,11.66
301029.SZ,1297476.3019,62.82
301030.SZ,437480.9771,50.35
301031.SZ,467658.6062,154.56
301032.SZ,66342.7836,9.65
301033.SZ,149626.4904,48.48
301035.SZ,658149.3989,89.93
301036.SZ,72157.7552,21.06
301037.SZ,44924.0,19.2
301038.SZ,69626.7,19.48
301039.SZ,954411.2669,15.79
301040.SZ,134504.2328,23.2
301041.SZ,124233.2329,24.26
301042.SZ,127324.5321,36.12
301043.SZ,48600.0,32.4
301045.SZ,106598.956,24.77
301046.SZ,173834.4081,35.39
301047.SZ,595683.6845,122.27
301048.SZ,177333.422,15.96
301049.SZ,50083.8663,23.4
301050.SZ,912699.6493,81.82
301053.SZ,49461.12,25.51
301055.SZ,80777.9,16.58
301056.SZ,54824.6603,9.86
301058.SZ,327292.4824,19.31
301059.SZ,87952.7103,16.08
301060.SZ,346654.1048,23.24
301061.SZ,107392.0,40.27
301062.SZ,224958.606,11.28
301063.SZ,104788.215,30.66
301065.SZ,95727.5008,37.82
301066.SZ,102525.1293,17.08
301067.SZ,106575.0,41.76
301068.SZ,144430.7168,43.72
301069.SZ,320484.08,27.38
301070.SZ,114845.3488,39.32
301071.SZ,589298.2934,96.54
301072.SZ,70545.402,25.38
301073.SZ,239990.1504,60.06
301075.SZ,65049.0852,28.46
301076.SZ,132832.4959,22.99
301077.SZ,91313.1043,25.56
301079.SZ,104253.3859,27.86
301080.SZ,388732.2678,111.36
301081.SZ,82626.0,14.1
301082.SZ,109243.7048,19.81
301083.SZ,62476.9545,14.24
301085.SZ,142177.2244,53.62
301086.SZ,144718.86,80.16
301087.SZ,415128.3026,57.56
301088.SZ,98400.2911,20.29
301091.SZ,252149.04,31.28
301092.SZ,105776.4225,29.84
301093.SZ,305913.8355,37.91
301095.SZ,360598.1518,102.88
301096.SZ,426964.6354,74.72
301097.SZ,90286.9058,59.05
301098.SZ,130141.7775,21.92
301099.SZ,124068.0,53.17
301100.SZ,100800.0,24.19
301101.SZ,309885.6816,78.05
301102.SZ,166901.028,40.82
301103.SZ,350972.7133,50.69
301105.SZ,42250.0,40.56
301106.SZ,63582.3344,36.6
301107.SZ,50425.65,32.94
301108.SZ,117014.6748,40.39
301109.SZ,178558.0041,21.72
301110.SZ,113208.9555,58.67
301111.SZ,139575.5752,23.88
301112.SZ,76216.6377,36.49
301113.SZ,44917.3958,29.16
301115.SZ,98951.8669,27.55
301116.SZ,179993.7623,18.54
301117.SZ,344048.3842,75.98
301118.SZ,136245.907,31.06
301119.SZ,59262.0,33.86
301120.SZ,175164.5704,21.85
301121.SZ,82556.5312,55.97
301122.SZ,112346.8071,50.56
301123.SZ,170484.5712,26.77
301125.SZ,42625.5,28.26
301126.SZ,151391.792,16.76
301127.SZ,246400.7777,12.1
301128.SZ,91446.3929,40.26
301130.SZ,165116.4774,32.39
301131.SZ,81913.4384,42.6
301132.SZ,92396.22,30.07
301133.SZ,68658.3444,26.78
301135.SZ,102248.625,26.32
301136.SZ,154276.3827,17.82
301137.SZ,69680.0622,18.4
301138.SZ,93450.0,37.38
301139.SZ,81472.0,32.16
301141.SZ,76666.9416,45.38
301148.SZ,76534.9621,25.74
301149.SZ,200159.4939,12.97
301150.SZ,290426.1314,66.64
301151.SZ,91236.7413,20.06
301152.SZ,101742.9848,43.76
301153.SZ,352456.92,96.7
301156.SZ,45280.0,27.17
301157.SZ,67616.0164,57.04
301158.SZ,128011.5427,19.78
301159.SZ,105505.8533,41.22
301160.SZ,63164.6171,40.61
301161.SZ,59231.6523,25.37
301162.SZ,355997.8567,93.72
301163.SZ,90955.176,32.08
301166.SZ,185090.873,53.82
301167.SZ,122426.1008,30.76
301168.SZ,231829.857,56.03
301171.SZ,181883.7037,28.91
301176.SZ,63258.3086,18.67
301177.SZ,166601.64,49.97
301178.SZ,125433.9087,34.52
301179.SZ,153549.0,31.02
301180.SZ,84716.3731,18.68
301181.SZ,111600.0,44.64
301182.SZ,69101.6357,23.05
301183.SZ,66220.0,39.73
301185.SZ,209958.7224,28.81
301186.SZ,63462.9565,35.26
301187.SZ,76120.013,19.08
301188.SZ,273028.9081,21.73
301189.SZ,118176.4546,34.44
301190.SZ,126250.3413,21.32
301191.SZ,122714.66,110.39
301192.SZ,44305.65,21.29
301193.SZ,162518.4,21.38
301195.SZ,160165.5617,89.99
301196.SZ,123458.175,39.85
301197.SZ,72173.325,28.74
301198.SZ,152688.9,30.6
301199.SZ,78115.62,28.12
301200.SZ,167832.0,47.95
301201.SZ,213974.2666,48.91
301203.SZ,62211.7446,43.74
301206.SZ,304541.4055,35.8
301207.SZ,442030.7882,56.42
301208.SZ,91166.849,65.64
301209.SZ,43960.0,26.38
301211.SZ,164487.443,34.22
301212.SZ,91476.0,40.66
301213.SZ,108124.0602,45.12
301216.SZ,483507.5412,31.09
301217.SZ,290391.7098,15.22
301218.SZ,112753.4196,24.14
301220.SZ,67441.4773,42.34
301221.SZ,229798.2765,63.66
301222.SZ,76095.18,32.4
301223.SZ,88340.7,21.95
301226.SZ,116122.9582,28.39
301227.SZ,56849.9448,30.74
301228.SZ,85369.9089,18.67
301229.SZ,92175.2741,32.42
301230.SZ,93377.4909,68.21
301233.SZ,48468.42,45.19
301234.SZ,48484.0,34.22
301235.SZ,175034.8899,42.12
301236.SZ,1401741.8625,44.5
301237.SZ,109103.4181,34.57
301238.SZ,326457.0609,25.34
301239.SZ,484092.4298,155.3
301246.SZ,143098.6196,38.7
301248.SZ,212146.65,38.62
301255.SZ,58021.0,40.96
301256.SZ,119856.0,10.56
301257.SZ,108615.0,86.89
301258.SZ,130074.0,46.94
301259.SZ,105305.7375,22.07
301260.SZ,254495.0794,26.76
301263.SZ,449099.6186,42.36
301265.SZ,84848.1277,14.17
301266.SZ,136344.0,62.93
301267.SZ,462592.29,92.52
301268.SZ,629676.1614,44.46
301269.SZ,884517.798,135.78
301273.SZ,57582.0903,38.58
301276.SZ,67500.0,30.0
301277.SZ,102272.3305,25.86
301278.SZ,124368.0,93.28
301279.SZ,69230.0,28.9
301280.SZ,71232.0612,38.68
301281.SZ,68265.0839,44.64
301282.SZ,94210.47,29.92
301283.SZ,81600.0,48.96
301285.SZ,60608.91,14.08
301286.SZ,97836.453,32.6
301288.SZ,64655.4783,19.45
301289.SZ,67200.0,53.76
301290.SZ,71515.6538,37.92
301296.SZ,106281.0,20.24
301297.SZ,138721.1061,23.75
301298.SZ,54832.0,17.7
301299.SZ,77475.0,61.98
301300.SZ,46063.5,34.44
301301.SZ,185358.1064,10.63
301302.SZ,159907.68,72.77
301303.SZ,152461.411,26.42
301306.SZ,78323.2,44.54
301307.SZ,132411.439,33.84
301308.SZ,292185.6,104.35
301309.SZ,66375.0,31.86
301311.SZ,117516.4139,24.78
301314.SZ,66215.0,74.78
301316.SZ,83059.634,27.19
301317.SZ,85655.7715,27.58
301318.SZ,78172.08,54.04
301319.SZ,74267.56,60.79
301321.SZ,118502.3519,22.86
301326.SZ,54093.4905,38.51
301327.SZ,252680.9931,123.55
301328.SZ,133350.5141,91.75
301331.SZ,69177.76,47.33
301333.SZ,146850.0,117.48
301335.SZ,74429.6577,41.86
301336.SZ,44040.0,52.85
301338.SZ,77183.6498,52.68
301339.SZ,156780.0,31.36
301345.SZ,110097.1211,55.13
301349.SZ,130985.0,92.46
301356.SZ,123833.33,52.24
301357.SZ,79260.7417,58.99
301359.SZ,47426.6,26.52
301360.SZ,80820.9673,81.07
301361.SZ,61100.8127,26.58
301363.SZ,156895.3322,46.76
301365.SZ,75943.5765,32.03
301366.SZ,97613.83,60.47
301367.SZ,348416.0,261.31
301368.SZ,59026.8754,26.34
301369.SZ,129282.4978,89.16
301373.SZ,80143.697,38.14
301377.SZ,84505.4424,21.6
301378.SZ,120060.0,125.28
301379.SZ,65731.96,31.13
301380.SZ,77911.0,55.0
301386.SZ,72962.5045,26.38
301387.SZ,66686.1944,48.02
301388.SZ,58395.132,27.36
301389.SZ,122542.875,20.75
301390.SZ,56790.0,0.0
301391.SZ,124119.4941,98.6
301396.SZ,80710.0518,44.7
301398.SZ,59922.1744,39.44
301408.SZ,97591.4244,20.78
301419.SZ,80185.485,40.58
301429.SZ,60502.6764,25.9
301439.SZ,159806.0439,20.78

